date, pm25, pm10, no2, co
2020/5/2, 55, 10, 12, 
2020/5/3, 25, 10, 9, 
2020/5/4, 34, 12, 21, 
2020/5/5, 38, 18, 24, 
2020/5/6, 42, 20, 19, 
2020/5/7, 42, , , 
2020/4/2, 61, 30, 29, 
2020/4/3, 82, 38, 36, 
2020/4/4, 102, 43, 30, 
2020/4/5, 107, 28, 21, 
2020/4/6, 78, 21, 32, 
2020/4/7, 76, 37, 49, 
2020/4/8, 80, 35, 31, 
2020/4/9, 72, 30, 31, 
2020/4/10, 70, 33, 32, 
2020/4/11, 59, 24, 30, 
2020/4/12, 59, 12, 18, 
2020/4/13, 38, 18, 16, 
2020/4/14, 53, 20, 13, 
2020/4/15, 53, 19, 13, 
2020/4/16, 34, 31, 24, 
2020/4/17, 61, 13, 29, 
2020/4/18, 34, 22, 17, 
2020/4/19, 38, 20, 12, 
2020/4/20, 34, 18, 11, 
2020/4/21, 63, 22, 14, 
2020/4/22, 65, 14, 23, 
2020/4/23, 68, 31, 25, 
2020/4/24, 76, 32, 29, 
2020/4/25, 78, 18, 11, 
2020/4/26, 46, 13, 8, 
2020/4/27, 30, 13, 13, 
2020/4/28, 30, 13, 19, 
2020/4/29, 42, 9, 15, 
2020/4/30, 34, 16, 14, 
2020/5/1, 50, 17, 10, 
2020/3/4, 70, 27, 41, 
2020/3/5, 74, 25, 31, 
2020/3/6, 65, 29, 33, 
2020/3/7, 74, 34, 38, 
2020/3/8, 91, 20, 30, 
2020/3/9, 63, 30, 33, 
2020/3/10, 76, 31, 39, 
2020/3/11, 72, 23, 34, 
2020/3/12, 50, 29, 30, 
2020/3/13, 65, 15, 23, 
2020/3/14, 30, 27, 15, 
2020/3/15, 93, 23, 22, 
2020/3/16, 65, 28, 26, 
2020/3/17, 80, 40, 26, 
2020/3/18, 97, 45, 38, 
2020/3/19, 112, 42, 39, 
2020/3/20, 102, 49, 35, 
2020/3/21, 114, 33, 26, 
2020/3/22, 78, 30, 9, 
2020/3/23, 78, 20, 16, 
2020/3/24, 53, 22, 24, 
2020/3/25, 57, 20, 17, 
2020/3/26, 55, 21, 19, 
2020/3/27, 59, , 19, 
2020/3/29, 76, 67, 22, 
2020/3/30, 76, 67, 17, 
2020/3/31, 76, , 11, 
2020/2/2, 153, 46, 25, 
2020/2/3, 89, 49, 37, 
2020/2/4, 107, 48, 22, 
2020/2/5, 99, 23, 43, 
2020/2/6, 61, 33, 41, 
2020/2/7, 78, 50, 48, 
2020/2/8, 95, 55, 41, 
2020/2/9, 127, 66, 41, 
2020/2/10, 158, 59, 35, 
2020/2/11, 153, 41, 39, 
2020/2/12, 87, 29, 51, 
2020/2/13, 59, 45, 33, 
2020/2/14, 74, 34, 42, 
2020/2/15, 95, 57, 35, 
2020/2/16, 139, 55, 33, 
2020/2/17, 154, 51, 35, 
2020/2/18, 122, 57, 32, 
2020/2/19, 142, 55, 41, 
2020/2/20, 129, 30, 41, 
2020/2/21, 61, 51, 39, 
2020/2/22, 99, 55, 39, 
2020/2/23, 119, 48, 34, 
2020/2/24, 107, 49, 30, 
2020/2/25, 104, 60, 35, 
2020/2/26, 139, 40, 24, 
2020/2/27, 89, 18, 35, 
2020/2/28, 38, 16, 36, 
2020/2/29, 42, 29, 31, 
2020/3/1, 70, , , 
2020/1/2, 202, 64, 36, 
2020/1/3, 151, 64, 47, 
2020/1/4, 152, 51, 35, 
2020/1/5, 119, 46, 43, 
2020/1/6, 102, 48, 31, 
2020/1/7, 114, 55, 31, 
2020/1/8, 132, 58, 33, 
2020/1/9, 134, 71, 53, 
2020/1/10, 155, 79, 52, 
2020/1/11, 161, 73, 55, 
2020/1/12, 159, 55, 44, 
2020/1/13, 142, 65, 39, 
2020/1/14, 154, 74, 48, 
2020/1/15, 161, 71, 31, 
2020/1/16, 160, 74, 41, 
2020/1/17, 161, 64, 41, 
2020/1/18, 154, 21, 34, 
2020/1/19, 68, 44, 36, 
2020/1/20, 109, 25, 43, 
2020/1/21, 59, 52, 61, 
2020/1/22, 97, 55, 39, 
2020/1/23, 109, 58, 48, 
2020/1/24, 137, 71, 55, 
2020/1/25, 159, 68, 40, 
2020/1/26, 158, 68, 33, 
2020/1/27, 161, 74, 57, 
2020/1/28, 162, 58, 32, 
2020/1/29, 144, 47, 43, 
2020/1/30, 80, 49, 44, 
2020/1/31, 104, 69, 45, 
2020/2/1, 153, 62, 33, 
2019/10/2, 55, 17, 29, 
2019/10/3, 30, 17, 38, 
2019/10/4, 34, 27, 31, 
2019/10/5, 55, 37, 38, 
2019/10/6, 68, 40, 27, 
2019/10/7, 87, 12, 28, 
2019/10/8, 21, 31, 35, 
2019/10/9, 65, 32, 31, 
2019/10/10, 70, 33, 37, 
2019/10/11, 78, 44, 31, 
2019/10/12, 89, 53, 39, 
2019/10/13, 112, 56, 37, 
2019/10/14, 127, 53, 35, 
2019/10/15, 114, 46, 26, 
2019/10/16, 97, 16, 44, 
2019/10/17, 13, 28, 38, 
2019/10/18, 50, 16, 37, 
2019/10/19, 53, 25, 24, 
2019/10/20, 59, 15, 18, 
2019/10/21, 46, 13, 35, 
2019/10/22, 21, 27, 33, 
2019/10/23, 55, 47, 43, 
2019/10/24, 82, 30, 30, 
2019/10/25, 70, 24, 30, 
2019/10/26, 46, 27, 36, 
2019/10/27, 57, 29, 37, 
2019/10/28, 61, 45, 32, 
2019/10/29, 91, 42, 33, 
2019/10/30, 102, 31, 21, 
2019/10/31, 72, 26, 23, 
2019/11/1, 63, 23, 22, 
2019/11/2, 57, 30, 20, 
2019/11/3, 72, 8, 17, 
2019/11/4, 21, 24, 37, 
2019/11/5, 50, 29, 32, 
2019/11/6, 63, 16, 33, 
2019/11/7, 50, 28, 37, 
2019/11/8, 59, 11, 36, 
2019/11/9, 25, 24, 39, 
2019/11/10, 57, 32, 29, 
2019/11/11, 87, 21, 34, 
2019/11/12, 59, 20, 32, 
2019/11/13, 55, 39, 42, 
2019/11/14, 74, 29, 38, 
2019/11/15, 63, 24, 30, 
2019/11/16, 59, 23, 32, 
2019/11/17, 65, 15, 33, 
2019/11/18, 42, 30, 32, 
2019/11/19, 74, 21, 40, 
2019/11/20, 50, 33, 28, 
2019/11/21, 65, 32, 27, 
2019/11/22, 78, 35, 23, 
2019/11/23, 68, 8, 22, 
2019/11/24, 21, 13, 28, 
2019/11/25, 34, 34, 37, 
2019/11/26, 59, 37, 38, 
2019/11/27, 78, 27, 24, 
2019/11/28, 61, 33, 24, 
2019/11/29, 68, 42, , 
2019/11/30, 97, 32, , 
2019/12/1, 85, 31, , 
2019/12/2, 80, 26, 49, 
2019/12/3, 57, 23, 55, 
2019/12/4, 57, 23, 64, 
2019/12/5, 57, 51, 72, 
2019/12/6, 114, 61, 63, 
2019/12/7, 142, 42, 41, 
2019/12/8, 132, 58, 37, 
2019/12/9, 151, 64, 34, 
2019/12/10, 153, 34, 48, 
2019/12/11, 55, 34, 43, 
2019/12/12, 74, 30, 36, 
2019/12/13, 80, 25, 45, 
2019/12/14, 70, 37, 53, 
2019/12/15, 80, 36, 34, 
2019/12/16, 91, 38, 35, 
2019/12/17, 95, 42, 31, 
2019/12/18, 97, 40, 36, 
2019/12/19, 82, 32, 29, 
2019/12/20, 76, 26, 22, 
2019/12/21, 85, 19, 26, 
2019/12/22, 65, 17, 30, 
2019/12/23, 55, 29, 37, 
2019/12/24, 42, 20, 39, 
2019/12/25, 46, 25, 41, 
2019/12/26, 57, 34, 35, 
2019/12/27, 80, , , 
2019/12/29, 107, 57, 33, 
2019/12/30, 142, , , 
2019/7/2, 57, 12, 24, 
2019/7/3, 17, 23, 24, 
2019/7/4, 46, 16, 23, 
2019/7/5, 38, 23, 27, 
2019/7/6, 50, 27, 12, 
2019/7/7, 57, 27, 11, 
2019/7/8, 55, 20, 20, 
2019/7/9, 42, 20, 18, 
2019/7/10, 34, 18, 20, 
2019/7/11, 34, 21, 21, 
2019/7/12, 38, 25, 20, 
2019/7/13, 46, 19, 15, 
2019/7/14, 25, 9, 11, 
2019/7/15, 13, 10, 21, 
2019/7/16, 13, 13, 19, 
2019/7/17, 25, 18, 33, 
2019/7/18, 30, 21, 30, 
2019/7/19, 50, 26, 25, 
2019/7/20, 55, 26, 20, 
2019/7/21, 61, 20, 11, 
2019/7/22, 46, 28, 28, 
2019/7/23, 25, 40, 28, 
2019/7/24, 80, 37, 33, 
2019/7/25, 78, 38, 33, 
2019/7/26, 72, 27, 25, 
2019/7/27, 57, 10, 13, 
2019/7/28, 42, 10, 10, 
2019/7/29, 30, 13, 19, 
2019/7/30, 21, 17, 20, 
2019/7/31, 21, 20, 17, 
2019/8/1, 38, 24, 17, 
2019/8/2, 53, 18, 26, 
2019/8/3, 30, 11, 21, 
2019/8/4, 17, 14, 14, 
2019/8/5, 34, 20, 22, 
2019/8/6, 38, 23, 15, 
2019/8/7, 53, 12, 20, 
2019/8/8, 21, 17, 19, 
2019/8/9, 30, 26, 21, 
2019/8/10, 53, 25, 26, 
2019/8/11, 46, 20, 8, 
2019/8/12, 46, 22, 10, 
2019/8/13, 50, 9, 17, 
2019/8/15, 13, 10, 13, 
2019/8/16, 9, 10, 12, 
2019/8/17, 21, 14, 20, 
2019/8/18, 21, 19, 14, 
2019/8/19, 42, 18, 12, 
2019/8/20, 34, 21, 17, 
2019/8/21, 42, 19, 17, 
2019/8/22, 42, 15, 15, 
2019/8/23, 30, 22, 16, 
2019/8/24, 17, 22, 21, 
2019/8/25, 55, 20, 12, 
2019/8/26, 50, 19, 16, 
2019/8/27, 50, 29, 24, 
2019/8/28, 63, 24, 41, 
2019/8/29, 50, 13, 26, 
2019/8/30, 42, 31, 30, 
2019/8/31, 59, 20, 18, 
2019/9/1, 55, 24, 18, 
2019/9/2, 57, 17, 22, 
2019/9/3, 55, , 16, 
2019/9/5, 38, 28, 27, 
2019/9/6, 57, 11, 26, 
2019/9/7, 17, 17, 16, 
2019/9/8, 34, 9, 17, 
2019/9/9, 17, 12, 31, 
2019/9/10, 25, 20, 24, 
2019/9/11, 38, 22, 29, 
2019/9/12, 46, 35, 45, 
2019/9/13, 63, 33, 38, 
2019/9/14, 65, 36, 40, 
2019/9/15, 72, 33, 38, 
2019/9/16, 72, 42, 35, 
2019/9/17, 82, 29, 36, 
2019/9/18, 53, 26, 33, 
2019/9/19, 50, 21, 37, 
2019/9/20, 34, 33, 29, 
2019/9/21, 50, 28, 26, 
2019/9/22, 50, 27, 20, 
2019/9/23, 63, 37, 33, 
2019/9/24, 74, 44, 37, 
2019/9/25, 93, 32, 38, 
2019/9/26, 63, 50, 41, 
2019/9/27, 107, 55, 39, 
2019/9/28, 122, 36, 27, 
2019/9/29, 68, 21, 17, 
2019/9/30, 25, , 34, 
2019/4/2, 95, 47, 43, 
2019/4/3, 95, 28, 21, 
2019/4/4, 68, 16, 18, 
2019/4/5, 46, 18, 17, 
2019/4/6, 53, 28, 14, 
2019/4/7, 68, 23, 11, 
2019/4/8, 59, 21, 18, 
2019/4/9, 57, 19, 17, 
2019/4/10, 53, 26, 22, 
2019/4/11, 63, 19, 17, 
2019/4/12, 53, 22, 17, 
2019/4/13, 42, 27, 11, 
2019/4/14, 63, 10, 14, 
2019/4/15, 34, 15, 18, 
2019/4/16, 38, 20, 34, 
2019/4/17, 70, 38, 28, 
2019/4/18, 87, 37, 24, 
2019/4/19, 76, 28, 22, 
2019/4/20, 61, 29, 24, 
2019/4/21, 68, 20, 13, 
2019/4/22, 53, 23, 7, 
2019/4/23, 57, 10, 15, 
2019/4/24, 25, 19, 12, 
2019/4/25, 38, 33, 11, 
2019/4/26, 65, 27, 14, 
2019/4/27, 50, 14, 12, 
2019/4/28, 38, 11, 10, 
2019/4/29, 38, 12, 15, 
2019/4/30, 30, 23, 20, 
2019/5/1, 38, 18, 14, 
2019/5/2, 34, 18, 12, 
2019/5/3, 30, 16, 16, 
2019/5/4, 30, 17, 11, 
2019/5/5, 57, 10, 9, 
2019/5/6, 25, 16, 16, 
2019/5/7, 38, 12, 18, 
2019/5/8, 38, 24, 18, 
2019/5/9, 55, 14, 18, 
2019/5/10, 38, 31, 19, 
2019/5/11, 68, 25, 14, 
2019/5/12, 53, 11, 8, 
2019/5/13, 30, 14, 16, 
2019/5/14, 30, 22, 17, 
2019/5/15, 55, 16, 16, 
2019/5/16, 38, 22, 14, 
2019/5/17, 55, 21, 14, 
2019/5/18, 55, 12, 12, 
2019/5/19, 42, 13, 11, 
2019/5/20, 57, 16, 11, 
2019/5/21, 50, 16, 11, 
2019/5/22, 34, 18, 12, 
2019/5/23, 46, 22, 15, 
2019/5/24, 55, 23, 11, 
2019/5/25, 50, 19, 9, 
2019/5/26, 34, 12, , 
2019/5/27, 34, 16, , 
2019/5/28, 53, 19, 12, 
2019/5/29, 61, 12, , 
2019/5/30, 25, 12, , 
2019/5/31, 21, 14, 13, 
2019/6/1, 25, 20, 13, 
2019/6/2, 53, 18, 21, 
2019/6/3, 46, , , 
2019/6/6, 30, 28, 10, 
2019/6/7, 65, 24, 11, 
2019/6/8, 38, 25, 6, 
2019/6/9, 46, 31, , 
2019/6/10, 61, 44, 26, 
2019/6/11, 68, 46, 24, 
2019/6/12, 61, 3, 21, 
2019/6/14, 34, 29, 41, 
2019/6/15, 59, 39, 19, 
2019/6/16, 55, 14, 15, 
2019/6/17, 25, 30, 27, 
2019/6/18, 57, , , 
2019/6/30, 46, 27, 22, 
2019/7/1, 53, 27, 24, 
2019/1/2, 155, 22, 28, 
2019/1/3, 61, 21, 37, 
2019/1/4, 50, 47, 48, 
2019/1/5, 99, 59, 49, 
2019/1/6, 149, 60, 55, 
2019/1/7, 151, 71, 38, 
2019/1/8, 162, 77, 41, 
2019/1/9, 165, 30, 40, 
2019/1/10, 76, 24, 33, 
2019/1/11, 55, 37, 49, 
2019/1/12, 76, 54, 54, 
2019/1/13, 122, 62, 44, 
2019/1/14, 153, 21, 37, 
2019/1/15, 55, 31, 43, 
2019/1/16, 61, 53, 70, 
2019/1/17, 97, 50, 29, 
2019/1/18, 114, 45, 29, 
2019/1/19, 104, 20, 27, 
2019/1/20, 63, 47, 33, 
2019/1/21, 117, 62, 40, 
2019/1/22, 109, 62, 43, 
2019/1/23, 154, 50, 39, 
2019/1/24, 119, 58, 39, 
2019/1/25, 155, 56, 44, 
2019/1/26, 137, 66, 51, 
2019/1/27, 158, 60, 28, 
2019/1/28, 155, 50, 32, 
2019/1/29, 119, 52, 43, 
2019/1/30, 122, 29, 28, 
2019/1/31, 78, 47, 30, 
2019/2/1, 114, 29, 37, 
2019/2/2, 80, 36, 29, 
2019/2/3, 93, 30, 28, 
2019/2/4, 87, 35, 47, 
2019/2/5, 89, 50, 48, 
2019/2/6, 102, 58, 55, 
2019/2/7, 122, 64, 61, 
2019/2/8, 151, 70, 77, 
2019/2/9, 152, 59, 48, 
2019/2/10, 144, 60, 36, 
2019/2/11, 154, 26, 33, 
2019/2/12, 70, 19, 36, 
2019/2/13, 50, 32, 34, 
2019/2/14, 55, 57, 57, 
2019/2/15, 124, 66, 46, 
2019/2/16, 154, 71, 39, 
2019/2/17, 160, 71, 44, 
2019/2/18, 159, 53, 37, 
2019/2/19, 114, 31, 30, 
2019/2/20, 70, 59, 33, 
2019/2/21, 144, 70, 43, 
2019/2/22, 158, 69, 46, 
2019/2/23, 154, 47, 38, 
2019/2/24, 95, 30, 27, 
2019/2/25, 70, 60, 52, 
2019/2/26, 132, 59, 50, 
2019/2/27, 109, 62, 53, 
2019/2/28, 122, 55, 58, 
2019/3/1, 117, 52, 40, 
2019/3/2, 107, 49, 40, 
2019/3/3, 97, 42, 35, 
2019/3/4, 87, 39, 45, 
2019/3/5, 76, 32, 39, 
2019/3/6, 65, 48, 34, 
2019/3/7, 91, 47, 33, 
2019/3/8, 87, 36, 30, 
2019/3/9, 72, 26, 32, 
2019/3/10, 42, 26, 25, 
2019/3/11, 50, 14, 38, 
2019/3/12, 34, 16, 34, 
2019/3/13, 34, 24, 38, 
2019/3/14, 46, 30, 37, 
2019/3/15, 63, 20, 31, 
2019/3/16, 34, 21, 20, 
2019/3/17, 30, 32, 22, 
2019/3/18, 55, 14, 33, 
2019/3/19, 30, , 25, 
2019/3/21, 61, 37, 37, 
2019/3/22, 72, 50, 42, 
2019/3/23, 95, 53, 50, 
2019/3/24, 114, 48, 48, 
2019/3/25, 97, 30, 32, 
2019/3/26, 68, 18, 27, 
2019/3/27, 42, 20, 26, 
2019/3/28, 50, 27, 28, 
2019/3/29, 50, 32, 34, 
2019/3/30, 65, 46, 37, 
2019/3/31, 93, 48, 41, 
2019/4/1, 95, 49, 46, 
2018/10/2, 53, 17, 33, 
2018/10/3, 25, 40, 39, 
2018/10/4, 82, 52, 43, 
2018/10/5, 107, 42, 41, 
2018/10/6, 78, 45, 36, 
2018/10/7, 95, 33, 28, 
2018/10/8, 78, 40, 33, 
2018/10/9, 93, 48, , 
2018/10/10, 112, 54, , 
2018/10/11, 80, 50, , 
2018/10/12, 112, 36, 33, 
2018/10/13, 91, 54, 36, 
2018/10/14, 132, 51, 44, 
2018/10/15, 127, 51, 36, 
2018/10/16, 117, 50, 39, 
2018/10/17, 114, 56, 37, 
2018/10/18, 132, 56, 42, 
2018/10/19, 142, 53, 44, 
2018/10/20, 109, 58, 43, 
2018/10/21, 134, 57, 37, 
2018/10/22, 139, 23, 38, 
2018/10/23, 42, 41, 37, 
2018/10/24, 82, 21, 32, 
2018/10/25, 42, 56, 33, 
2018/10/26, 107, 32, 28, 
2018/10/27, 55, 25, 19, 
2018/10/28, 59, 13, 18, 
2018/10/29, 34, 13, 19, 
2018/10/30, 38, 16, 32, 
2018/10/31, 17, 19, 28, 
2018/11/1, 46, 16, 23, 
2018/11/2, 38, 26, 25, 
2018/11/3, 53, 14, 24, 
2018/11/4, 34, 23, 21, 
2018/11/5, 50, 19, 33, 
2018/11/6, 46, 17, 22, 
2018/11/7, 42, 20, 31, 
2018/11/8, 55, 21, 33, 
2018/11/9, 59, 27, 30, 
2018/11/10, 72, 34, 25, 
2018/11/11, 82, 32, 24, 
2018/11/12, 80, 25, 25, 
2018/11/13, 55, 30, 20, 
2018/11/14, 72, 50, 27, 
2018/11/15, 93, 56, 27, 
2018/11/16, 117, 30, 25, 
2018/11/17, 72, 22, 29, 
2018/11/18, 59, 20, 26, 
2018/11/19, 46, 33, 32, 
2018/11/20, 78, 28, 23, 
2018/11/21, 76, 33, 22, 
2018/11/22, 82, 42, 34, 
2018/11/23, 97, 39, 30, 
2018/11/24, 97, 16, 23, 
2018/11/25, 50, 30, 21, 
2018/11/26, 55, 30, 32, 
2018/11/27, 65, 40, 31, 
2018/11/28, 87, 46, 36, 
2018/11/29, 91, 41, 28, 
2018/11/30, 68, 52, 28, 
2018/12/1, 122, 59, 33, 
2018/12/2, 151, 40, 24, 
2018/12/3, 151, 48, 39, 
2018/12/4, 154, , 43, 
2018/12/6, 153, 47, 28, 
2018/12/7, 132, 63, 39, 
2018/12/8, 158, 26, 41, 
2018/12/9, 65, 31, 29, 
2018/12/10, 82, 12, 29, 
2018/12/11, 25, 21, 41, 
2018/12/12, 50, 35, 41, 
2018/12/13, 76, 31, 34, 
2018/12/14, 70, 34, 36, 
2018/12/15, 57, 54, 34, 
2018/12/16, 137, 61, 33, 
2018/12/17, 156, 59, 30, 
2018/12/18, 139, 66, 42, 
2018/12/19, 157, 53, 37, 
2018/12/20, 134, 32, 29, 
2018/12/21, 87, 40, 27, 
2018/12/22, 97, 40, 30, 
2018/12/23, 97, 41, 26, 
2018/12/24, 104, 35, 38, 
2018/12/25, 97, 37, 29, 
2018/12/26, 93, 39, 23, 
2018/12/27, 107, 53, 31, 
2018/12/28, 142, 59, 46, 
2018/12/29, 152, 67, 54, 
2018/12/30, 157, 52, 38, 
2018/12/31, 129, , , 
2018/7/2, 61, 28, , 
2018/7/3, 59, 26, , 
2018/7/4, 59, 17, , 
2018/7/5, 55, 16, , 
2018/7/6, 46, 19, , 
2018/7/7, 42, 16, , 
2018/7/8, 57, 13, , 
2018/7/9, 30, 17, , 
2018/7/10, 38, 18, , 
2018/7/11, 50, 20, , 
2018/7/12, 30, , , 
2018/7/14, 55, 33, , 
2018/7/15, 68, 19, , 
2018/7/16, 50, 19, , 
2018/7/17, 42, 21, 21, 
2018/7/18, 53, 21, 28, 
2018/7/19, 46, 20, 28, 
2018/7/20, 46, 24, 29, 
2018/7/21, 61, 20, 28, 
2018/7/22, 46, 17, 17, 
2018/7/23, 38, 14, 26, 
2018/7/24, 42, 15, 41, 
2018/7/25, 46, 17, 42, 
2018/7/26, 38, 32, 41, 
2018/7/27, 78, 19, 43, 
2018/7/28, 46, 18, 18, 
2018/7/29, 50, 16, 20, 
2018/7/30, 53, 20, 37, 
2018/7/31, 55, 27, 40, 
2018/8/1, 61, 30, 42, 
2018/8/2, 65, 20, 34, 
2018/8/3, 50, 23, 34, 
2018/8/4, 61, 20, 19, 
2018/8/5, 57, 16, 23, 
2018/8/6, 46, 25, 36, 
2018/8/7, 57, 18, 22, 
2018/8/8, 38, 10, 24, 
2018/8/9, 25, 22, 26, 
2018/8/10, 50, 18, 18, 
2018/8/11, 38, 18, 19, 
2018/8/12, 85, 17, 14, 
2018/8/13, 53, 16, 17, 
2018/8/14, 38, 15, 17, 
2018/8/15, 34, 10, 13, 
2018/8/16, 34, 12, 22, 
2018/8/17, 42, 14, 21, 
2018/8/18, 25, 20, 17, 
2018/8/19, 21, 19, 18, 
2018/8/20, 46, 19, 21, 
2018/8/21, 53, 20, 21, 
2018/8/22, 42, 23, 26, 
2018/8/23, 34, 28, 27, 
2018/8/24, 61, 19, 40, 
2018/8/25, 59, 17, 15, 
2018/8/26, 53, 10, 17, 
2018/8/27, 38, 9, 30, 
2018/8/28, 9, 22, 39, 
2018/8/29, 50, 20, 33, 
2018/8/30, 46, 27, 31, 
2018/8/31, 55, 18, 26, 
2018/9/1, 53, 11, 20, 
2018/9/2, 30, 10, 17, 
2018/9/3, 25, 13, 25, 
2018/9/4, 25, 17, 25, 
2018/9/5, 34, 20, 33, 
2018/9/6, 50, 29, 35, 
2018/9/7, 65, 24, 28, 
2018/9/8, 61, 28, 27, 
2018/9/9, 68, 24, 32, 
2018/9/10, 59, 32, 34, 
2018/9/11, 50, , 36, 
2018/9/13, 82, 44, 33, 
2018/9/14, 82, 22, 28, 
2018/9/15, 63, 38, 25, 
2018/9/16, 72, 35, 27, 
2018/9/17, 76, 38, 27, 
2018/9/18, 68, 40, 31, 
2018/9/19, 80, 46, 28, 
2018/9/20, 87, 46, 54, 
2018/9/21, 89, 46, 58, 
2018/9/22, 93, 33, 27, 
2018/9/23, 63, 27, 22, 
2018/9/24, 53, 21, 35, 
2018/9/25, 30, 23, 25, 
2018/9/26, 42, 25, 30, 
2018/9/27, 42, 46, 57, 
2018/9/28, 72, 49, 65, 
2018/9/29, 70, 39, 45, 
2018/9/30, 68, 26, 21, 
2018/10/1, 46, 20, 28, 
2018/4/2, 34, 18, 29, 
2018/4/3, 34, 22, 37, 
2018/4/4, 13, 22, 35, 
2018/4/5, 53, 30, 29, 
2018/4/6, 74, 45, 30, 
2018/4/7, 95, 29, 27, 
2018/4/8, 99, 30, 26, 
2018/4/9, 74, 20, 33, 
2018/4/10, 55, 18, 29, 
2018/4/11, 59, 17, 32, 
2018/4/12, 46, 16, 32, 
2018/4/13, 38, 15, 33, 
2018/4/14, 46, 21, 33, 
2018/4/15, 57, 27, 26, 
2018/4/16, 65, 31, 31, 
2018/4/17, 61, 50, 29, 
2018/4/18, 74, 45, 40, 
2018/4/19, 68, 38, 35, 
2018/4/20, 76, 46, 41, 
2018/4/21, 85, 45, 36, 
2018/4/22, 91, 33, 24, 
2018/4/23, 70, 36, 33, 
2018/4/24, 68, 35, 27, 
2018/4/25, 63, 32, 19, 
2018/4/26, 57, 31, 27, 
2018/4/27, 59, 35, 26, 
2018/4/28, 59, 36, 24, 
2018/4/29, 65, 31, 19, 
2018/4/30, 65, 17, 16, 
2018/5/1, 34, 13, 17, 
2018/5/2, 13, 13, 30, 
2018/5/3, 38, 24, 25, 
2018/5/4, 53, 31, 32, 
2018/5/5, 61, 27, 27, 
2018/5/6, 55, 28, 25, 
2018/5/7, 61, 23, 28, 
2018/5/8, 50, 22, 30, 
2018/5/9, 46, 18, 31, 
2018/5/10, 50, , 43, 
2018/5/12, 61, 20, 30, 
2018/5/13, 53, 18, 27, 
2018/5/14, 42, 8, 29, 
2018/5/15, 17, 10, 26, 
2018/5/16, 17, 15, 25, 
2018/5/17, 38, 24, 35, 
2018/5/18, 61, 22, 31, 
2018/5/19, 55, 23, 29, 
2018/5/20, 59, 12, 20, 
2018/5/21, 21, 15, 27, 
2018/5/22, 30, 20, 30, 
2018/5/23, 61, 21, 28, 
2018/5/24, 61, 22, 27, 
2018/5/25, 57, 23, 32, 
2018/5/26, 57, 35, 38, 
2018/5/27, 78, 30, 30, 
2018/5/28, 59, 17, 27, 
2018/5/29, 50, 23, 34, 
2018/5/30, 59, 35, 29, 
2018/5/31, 72, 25, 20, 
2018/6/1, 59, 23, 22, 
2018/6/2, 46, 19, 16, 
2018/6/3, 38, 17, 14, 
2018/6/4, 38, 29, 29, 
2018/6/5, 63, 27, 21, 
2018/6/6, 59, 19, 22, 
2018/6/7, 38, 15, 21, 
2018/6/8, 34, 15, 30, 
2018/6/9, 38, 17, 17, 
2018/6/10, 34, 20, 15, 
2018/6/11, 42, 30, 29, 
2018/6/12, 57, 30, 31, 
2018/6/13, 53, 17, 23, 
2018/6/14, 34, 13, 23, 
2018/6/15, 21, 16, 25, 
2018/6/16, 38, 20, 25, 
2018/6/17, 46, 19, 19, 
2018/6/18, 57, 18, 34, 
2018/6/19, 46, 23, 36, 
2018/6/20, 53, 22, 34, 
2018/6/21, 61, 28, 33, 
2018/6/22, 61, 24, 29, 
2018/6/23, 38, 17, 21, 
2018/6/24, 34, 17, 15, 
2018/6/25, 38, 20, 28, 
2018/6/26, 42, 14, 26, 
2018/6/27, 25, 23, 32, 
2018/6/28, 53, 15, 26, 
2018/6/29, 30, 21, , 
2018/6/30, 46, 20, , 
2018/7/1, 53, 23, , 
2018/1/6, 137, 43, 34, 
2018/1/7, 119, 52, 27, 
2018/1/8, 109, 26, 29, 
2018/1/9, 59, 19, 31, 
2018/1/10, 38, 30, , 
2018/1/11, 78, 46, , 
2018/1/12, 102, 48, 31, 
2018/1/13, 99, 50, 33, 
2018/1/14, 109, 52, 27, 
2018/1/15, 132, 55, 31, 
2018/1/16, 142, 52, 30, 
2018/1/17, 129, 50, 40, 
2018/1/18, 117, 40, 45, 
2018/1/19, 87, 48, 55, 
2018/1/20, 93, 58, 42, 
2018/1/21, 139, 13, 33, 
2018/1/22, 42, 37, 37, 
2018/1/23, 82, 62, 49, 
2018/1/24, 152, 60, 36, 
2018/1/25, 147, 64, 44, 
2018/1/26, 153, 69, 33, 
2018/1/27, 154, 45, 27, 
2018/1/28, 112, 50, 31, 
2018/1/29, 109, 55, 37, 
2018/1/30, 132, 43, 40, 
2018/1/31, 97, 51, 35, 
2018/2/1, 114, 34, 28, 
2018/2/2, 65, 30, , 
2018/2/3, 76, 24, , 
2018/2/4, 74, 30, 41, 
2018/2/5, 80, 24, 34, 
2018/2/6, 70, 26, , 
2018/2/7, 68, 25, , 
2018/2/8, 70, 42, 30, 
2018/2/9, 76, 33, 36, 
2018/2/10, 74, 38, 31, 
2018/2/11, 91, 52, 30, 
2018/2/12, 97, 48, 31, 
2018/2/13, 114, 20, 38, 
2018/2/14, 55, 34, 39, 
2018/2/15, 76, 51, 35, 
2018/2/16, 109, 67, 45, 
2018/2/17, 156, 71, 34, 
2018/2/18, 124, 50, 30, 
2018/2/19, 122, 24, 29, 
2018/2/20, 63, 48, 36, 
2018/2/21, 104, 46, 36, 
2018/2/22, 104, 34, 34, 
2018/2/23, 85, 28, 33, 
2018/2/24, 78, 30, 32, 
2018/2/25, 91, 24, 32, 
2018/2/26, 57, 27, 41, 
2018/3/2, 151, 60, 42, 
2018/3/3, 157, 45, 41, 
2018/3/4, 117, 40, 36, 
2018/3/5, 102, 53, 41, 
2018/3/6, 132, 50, 38, 
2018/3/7, 129, 46, 36, 
2018/3/8, 114, , 42, 
2018/3/11, 30, 21, 27, 
2018/3/12, 61, 25, 29, 
2018/3/13, 63, 37, 43, 
2018/3/14, 89, 31, 45, 
2018/3/15, 65, 28, 37, 
2018/3/16, 65, 15, 35, 
2018/3/17, 38, 20, 31, 
2018/3/18, 57, 9, 32, 
2018/3/19, 34, 13, 30, 
2018/3/20, 59, 28, 34, 
2018/3/21, 72, 26, 37, 
2018/3/22, 72, 33, 38, 
2018/3/23, 78, 45, 41, 
2018/3/24, 99, 35, 33, 
2018/3/25, 80, 25, 29, 
2018/3/26, 70, 49, 45, 
2018/3/27, 116, 46, 41, 
2018/3/28, 107, 43, 36, 
2018/3/29, 89, 54, 33, 
2018/3/30, 124, 37, 23, 
2018/3/31, 89, 19, 24, 
2018/4/1, 53, 14, 30, 
2017/7/2, 17, 10, 25, 
2017/7/3, 13, 14, 33, 
2017/7/4, 17, 17, 28, 
2017/7/5, 25, 23, 30, 
2017/7/6, 38, 20, 35, 
2017/7/7, 30, 20, 27, 
2017/7/8, 34, 22, 28, 
2017/7/9, 38, 23, 24, 
2017/7/10, 34, 27, 27, 
2017/7/11, 46, 23, 26, 
2017/7/12, 34, 26, 31, 
2017/7/13, 42, 28, 36, 
2017/7/14, 50, 15, 27, 
2017/7/15, 21, 14, 25, 
2017/7/16, 17, 12, 17, 
2017/7/17, 17, 12, 30, 
2017/7/18, 21, 19, 40, 
2017/7/19, 25, 20, 40, 
2017/7/20, 30, 22, 33, 
2017/7/21, 30, 25, 39, 
2017/7/22, 50, 17, 17, 
2017/7/23, 30, 17, 14, 
2017/7/24, 34, 19, 25, 
2017/7/25, 30, 11, 37, 
2017/7/26, 17, 11, 28, 
2017/7/27, 9, 15, 36, 
2017/7/28, 21, 23, 23, 
2017/7/29, 34, 30, 22, 
2017/7/30, 25, 11, 16, 
2017/7/31, 21, 20, 32, 
2017/8/1, 30, 26, 42, 
2017/8/2, 13, , 36, 
2017/8/4, 74, 35, 30, 
2017/8/5, 65, 37, 29, 
2017/8/6, 74, 25, 28, 
2017/8/7, 63, 9, 21, 
2017/8/8, 17, 19, 20, 
2017/8/9, 50, 20, 22, 
2017/8/10, 55, 22, 26, 
2017/8/11, 55, 10, 20, 
2017/8/12, 25, 3, 20, 
2017/8/13, 9, 10, 26, 
2017/8/14, 25, 13, 21, 
2017/8/15, 30, 14, 18, 
2017/8/16, 30, 19, 23, 
2017/8/17, 46, 20, 21, 
2017/8/18, 34, 24, 25, 
2017/8/19, 57, 15, 14, 
2017/8/20, 38, 9, 17, 
2017/8/21, 17, 13, 25, 
2017/8/22, 21, 17, 23, 
2017/8/23, 38, 22, 22, 
2017/8/24, 50, 26, 26, 
2017/8/26, 57, 31, 35, 
2017/8/27, 34, 29, 22, 
2017/8/28, 63, 32, 36, 
2017/8/29, 65, 23, 28, 
2017/8/30, 46, 27, 37, 
2017/8/31, 57, 25, 25, 
2017/9/1, 55, 20, 27, 
2017/9/2, 50, 9, 24, 
2017/9/3, 13, 11, 43, 
2017/9/4, 30, 11, 43, 
2017/9/5, 30, , , 
2017/4/2, 71, 34, 25, 
2017/4/3, 88, 31, 43, 
2017/4/4, 70, 31, 43, 
2017/4/5, 73, 20, 32, 
2017/4/6, 59, 25, 39, 
2017/4/7, 60, 38, 33, 
2017/4/8, 81, 40, 44, 
2017/4/9, 90, 43, 38, 
2017/4/10, 91, 32, 36, 
2017/4/11, 80, 32, 29, 
2017/4/12, 74, 32, 28, 
2017/4/13, 70, 31, 24, 
2017/4/14, 61, 28, 33, 
2017/4/15, 62, 27, 18, 
2017/4/16, 63, 19, 17, 
2017/4/17, 46, 14, 23, 
2017/4/18, 49, 25, 27, 
2017/4/19, 52, 26, 33, 
2017/4/20, 53, 15, 34, 
2017/4/21, 30, 25, 37, 
2017/4/22, 59, 29, 39, 
2017/4/23, 62, 25, 16, 
2017/4/24, 50, 31, 20, 
2017/4/25, 58, 35, 21, 
2017/4/26, 73, 18, 33, 
2017/4/27, 53, 19, 39, 
2017/4/28, 56, 13, 29, 
2017/4/29, 38, 21, 33, 
2017/4/30, 60, 20, 23, 
2017/5/1, 57, 20, 20, 
2017/5/2, 58, 12, 34, 
2017/5/3, 46, 12, 38, 
2017/5/4, 38, 16, 31, 
2017/5/5, 45, 23, 53, 
2017/5/6, 67, 35, 42, 
2017/5/7, 71, 20, 34, 
2017/5/8, 61, 16, 36, 
2017/5/9, 31, 14, 37, 
2017/5/10, 30, 23, 25, 
2017/5/11, 53, 26, 43, 
2017/5/12, 60, 25, 29, 
2017/5/13, 55, 16, 20, 
2017/5/14, 46, 18, 17, 
2017/5/15, 54, 15, 26, 
2017/5/16, 18, 15, 32, 
2017/5/17, 33, 23, 39, 
2017/5/18, 52, 22, 35, 
2017/5/19, 46, 29, 30, 
2017/5/20, 58, 12, 23, 
2017/5/21, 26, 14, 35, 
2017/5/22, 29, 18, 39, 
2017/5/23, 49, 19, 27, 
2017/5/24, 30, 22, 40, 
2017/5/25, 52, 31, 22, 
2017/5/26, 60, 19, 28, 
2017/5/27, 26, 26, 34, 
2017/5/28, 48, 23, 26, 
2017/5/29, 52, 26, 35, 
2017/5/30, 50, 21, 26, 
2017/5/31, 42, 18, 30, 
2017/6/1, 34, 19, 21, 
2017/6/2, 37, 16, 11, 
2017/6/3, 30, 18, 14, 
2017/6/4, 52, 19, 12, 
2017/6/5, 46, 19, 29, 
2017/6/6, 42, 21, 29, 
2017/6/7, 49, 10, 29, 
2017/6/8, 14, 10, 22, 
2017/6/9, 33, , 32, 
2017/6/10, 34, 39, 32, 
2017/6/11, 74, 34, 23, 
2017/6/12, 77, 30, 29, 
2017/6/13, 63, 28, 33, 
2017/6/14, 55, 31, 36, 
2017/6/15, 55, 34, 30, 
2017/6/16, 73, 23, 28, 
2017/6/17, 55, 23, 25, 
2017/6/18, 46, 16, 18, 
2017/6/19, 22, 17, 34, 
2017/6/20, 29, 24, 35, 
2017/6/21, 49, 22, 26, 
2017/6/22, 26, 22, 31, 
2017/6/23, 25, 26, 18, 
2017/6/24, 57, 27, 18, 
2017/6/25, 73, 23, 17, 
2017/6/26, 35, 20, 26, 
2017/6/27, 13, 16, 33, 
2017/6/28, 33, 18, 30, 
2017/6/29, 45, 17, 33, 
2017/6/30, 34, 13, 32, 
2017/7/1, 17, 13, 23, 
2017/1/3, 151, 59, 45, 
2017/1/4, 152, 64, 42, 
2017/1/5, 109, 12, 28, 
2017/1/6, 17, 12, 37, 
2017/1/7, 42, 36, 40, 
2017/1/8, 82, 37, 34, 
2017/1/9, 59, 64, 43, 
2017/1/10, 154, 55, 37, 
2017/1/11, 124, 47, 40, 
2017/1/12, 93, 55, 32, 
2017/1/13, 139, 31, 39, 
2017/1/14, 87, 19, 42, 
2017/1/15, 30, 33, 41, 
2017/1/16, 78, 28, 59, 
2017/1/17, 61, 32, 52, 
2017/1/18, 63, 47, 55, 
2017/1/19, 97, 50, 60, 
2017/1/20, 109, 61, 77, 
2017/1/21, 149, 67, 58, 
2017/1/22, 159, 49, 54, 
2017/1/23, 139, 54, 69, 
2017/1/24, 117, 61, 73, 
2017/1/25, 144, 51, 58, 
2017/1/26, 107, 54, 52, 
2017/1/27, 132, 57, 48, 
2017/1/28, 139, 75, 43, 
2017/1/29, 164, 96, 56, 
2017/1/30, 184, 105, 44, 
2017/1/31, 209, 102, 40, 
2017/2/1, 162, 98, 55, 
2017/2/2, 191, 80, 50, 
2017/2/3, 166, 51, 37, 
2017/2/4, 117, 36, 35, 
2017/2/5, 91, 32, 33, 
2017/2/6, 87, 37, 50, 
2017/2/7, 99, 40, 46, 
2017/2/8, 89, 37, 35, 
2017/2/9, 82, 36, 35, 
2017/2/10, 70, 38, 37, 
2017/2/11, 89, 50, 35, 
2017/2/12, 119, , 30, 
2017/2/14, 127, 43, 38, 
2017/2/15, 99, 52, 43, 
2017/2/16, 134, 55, 52, 
2017/2/17, 91, 35, 40, 
2017/2/18, 85, 70, 28, 
2017/2/19, 159, 65, 32, 
2017/2/20, 154, 59, 37, 
2017/2/21, 147, 54, 46, 
2017/2/22, 129, 69, 44, 
2017/2/23, 112, 58, 47, 
2017/2/24, 152, 64, 49, 
2017/2/25, 157, 31, 38, 
2017/2/26, 70, 40, 47, 
2017/2/27, 95, 44, 47, 
2017/2/28, 97, 44, 40, 
2017/3/1, 104, 21, 52, 
2017/3/2, 55, 35, 44, 
2017/3/3, 72, 50, 39, 
2017/3/4, 104, 32, 26, 
2017/3/5, 78, 14, 26, 
2017/3/7, 68, 10, 42, 
2017/3/8, 25, 18, 56, 
2017/3/9, 38, 41, 64, 
2017/3/10, 59, , 58, 
2017/3/13, 42, 31, , 
2017/3/14, 59, 53, , 
2017/3/15, 109, 64, 48, 
2017/3/16, 151, 78, 60, 
2017/3/17, 162, 76, 58, 
2017/3/18, 163, 31, 27, 
2017/3/19, 68, 42, 28, 
2017/3/20, 85, 64, 39, 
2017/3/21, 153, 71, 37, 
2017/3/22, 158, 55, 26, 
2017/3/23, 124, 45, 36, 
2017/3/24, 102, 32, 34, 
2017/3/25, 68, 48, 28, 
2017/3/26, 122, 18, 19, 
2017/3/27, 65, 29, 33, 
2017/3/28, 69, 40, 48, 
2017/3/29, 84, 42, 55, 
2017/3/30, 78, 37, 55, 
2017/3/31, 79, 43, 46, 
2017/4/1, 96, 30, 36, 
2016/10/2, 53, 25, 42, 
2016/10/3, 68, 21, 43, 
2016/10/4, 42, 22, 44, 
2016/10/5, 38, 30, 44, 
2016/10/6, 59, 19, 36, 
2016/10/7, 50, 36, 48, 
2016/10/8, 78, 36, 38, 
2016/10/9, 80, 14, 22, 
2016/10/10, 42, 9, 37, 
2016/10/11, 30, 19, 37, 
2016/10/12, 42, 27, 53, 
2016/10/13, 76, 27, 39, 
2016/10/14, 70, 11, 37, 
2016/10/15, 25, 18, 27, 
2016/10/16, 55, 21, 37, 
2016/10/17, 53, 43, 50, 
2016/10/18, 93, 45, 40, 
2016/10/19, 97, 42, 33, 
2016/10/20, 95, 39, 33, 
2016/10/21, 65, 21, 40, 
2016/10/22, 59, 33, 32, 
2016/10/23, 85, 30, 32, 
2016/10/24, 80, 29, 33, 
2016/10/25, 72, 26, 27, 
2016/10/26, 63, 27, 28, 
2016/10/27, 68, 21, 34, 
2016/10/28, 55, 35, 42, 
2016/10/29, 76, 44, 37, 
2016/10/30, 107, 54, 42, 
2016/10/31, 114, 39, 34, 
2016/11/1, 104, 43, 30, 
2016/11/2, 99, 49, 38, 
2016/11/3, 112, 50, 34, 
2016/11/4, 119, 29, 32, 
2016/11/5, 68, 23, 27, 
2016/11/6, 80, 27, 25, 
2016/11/7, 65, 21, 48, 
2016/11/8, 55, 30, 44, 
2016/11/9, 70, 41, 42, 
2016/11/10, 93, 54, 53, 
2016/11/11, 137, 53, 42, 
2016/11/12, 134, 37, 58, 
2016/11/13, 91, 32, 41, 
2016/11/14, 82, 26, 33, 
2016/11/15, 72, 40, 43, 
2016/11/16, 91, 59, 55, 
2016/11/17, 153, 81, 46, 
2016/11/18, 171, 61, 41, 
2016/11/19, 152, 51, 38, 
2016/11/20, 129, 40, 38, 
2016/11/21, 93, 23, 29, 
2016/11/22, 68, 19, 34, 
2016/11/23, 53, 40, 34, 
2016/11/24, 91, 28, 36, 
2016/11/25, 68, 21, 38, 
2016/11/26, 50, 16, 35, 
2016/11/27, 38, 38, 35, 
2016/11/28, 91, 35, 41, 
2016/11/29, 72, 19, 38, 
2016/11/30, 30, 32, 36, 
2016/12/1, 74, 29, 49, 
2016/12/2, 76, 36, 41, 
2016/12/3, 82, 54, 33, 
2016/12/4, 137, 54, 36, 
2016/12/5, 134, 71, 47, 
2016/12/6, 160, 71, 54, 
2016/12/7, 161, 64, 62, 
2016/12/8, 157, 67, 53, 
2016/12/9, 160, 69, 61, 
2016/12/10, 163, 72, 63, 
2016/12/11, 167, 58, 37, 
2016/12/12, 162, 62, 46, 
2016/12/13, 156, 66, 47, 
2016/12/14, 129, 55, 44, 
2016/12/15, 142, 67, 54, 
2016/12/16, 155, 63, 53, 
2016/12/17, 151, 66, 56, 
2016/12/18, 158, 53, 41, 
2016/12/19, 134, 50, 54, 
2016/12/20, 127, 41, 49, 
2016/12/21, 99, 38, 39, 
2016/12/22, 89, 54, 65, 
2016/12/23, 82, 66, 68, 
2016/12/24, 157, 49, 47, 
2016/12/25, 124, 66, 52, 
2016/12/26, 159, 65, 53, 
2016/12/27, 158, 29, 74, 
2016/12/28, 53, 40, 43, 
2016/12/29, 87, 34, 39, 
2016/12/30, 72, 56, 43, 
2016/12/31, 139, 63, 49, 
2017/1/1, 155, 103, 49, 
2017/1/2, 194, 58, 42, 
2016/7/2, 57, 20, 21, 
2016/7/3, 50, 15, 18, 
2016/7/4, 38, 12, 21, 
2016/7/5, 25, 24, 33, 
2016/7/6, 57, 23, 34, 
2016/7/7, 57, 24, 37, 
2016/7/8, 58, 25, 29, 
2016/7/9, 59, 26, 20, 
2016/7/10, 57, 27, 19, 
2016/7/11, 60, 24, 28, 
2016/7/12, 57, 18, 32, 
2016/7/13, 34, 19, 38, 
2016/7/14, 49, 3, 45, 
2016/7/15, 50, 7, 31, 
2016/7/16, 13, 8, 29, 
2016/7/17, 9, 13, 27, 
2016/7/18, 24, 17, 33, 
2016/7/19, 41, 24, 36, 
2016/7/20, 66, 30, 41, 
2016/7/21, 71, 25, 35, 
2016/7/22, 59, 24, 33, 
2016/7/23, 42, 19, 25, 
2016/7/24, 38, 17, 18, 
2016/7/25, 34, 25, 30, 
2016/7/26, 49, 18, 37, 
2016/7/27, 38, 17, 41, 
2016/7/28, 34, 18, 26, 
2016/7/29, 34, 20, 34, 
2016/7/30, 52, 17, 22, 
2016/7/31, 46, 11, 18, 
2016/8/1, 18, 14, 21, 
2016/8/2, 55, 11, 26, 
2016/8/3, 31, 16, 27, 
2016/8/4, 41, 20, 32, 
2016/8/5, 52, 8, 25, 
2016/8/6, 14, 6, 25, 
2016/8/7, 5, 6, 28, 
2016/8/8, 12, 12, 33, 
2016/8/9, 53, 18, 31, 
2016/8/10, 46, 9, 19, 
2016/8/11, 22, 5, 19, 
2016/8/12, 9, 9, 23, 
2016/8/13, 24, 16, 17, 
2016/8/14, 29, 23, 18, 
2016/8/15, 57, 17, 17, 
2016/8/16, 38, 14, 16, 
2016/8/17, 25, 12, 16, 
2016/8/18, 13, 14, 17, 
2016/8/19, 30, 18, 20, 
2016/8/20, 30, 21, 17, 
2016/8/21, 13, 16, 14, 
2016/8/22, 30, 10, 19, 
2016/8/23, 5, , 26, 
2016/8/27, 57, 28, 23, 
2016/8/28, 50, 26, 21, 
2016/8/29, 42, 22, 18, 
2016/8/30, 38, 20, 27, 
2016/8/31, 21, 23, 30, 
2016/9/1, 42, 30, 41, 
2016/9/2, 65, 32, 42, 
2016/9/3, 57, 30, 25, 
2016/9/4, 63, 29, 22, 
2016/9/5, 55, 24, 34, 
2016/9/6, 34, 22, 32, 
2016/9/7, 21, 17, 32, 
2016/9/8, 5, , 31, 
2016/9/10, 107, 34, , 
2016/9/11, 74, 23, , 
2016/9/12, 50, 29, , 
2016/9/13, 57, 39, 47, 
2016/9/14, 68, 40, 55, 
2016/9/15, 76, 43, 38, 
2016/9/16, 85, 25, 41, 
2016/9/17, 72, 16, 30, 
2016/9/18, 42, 14, 35, 
2016/9/19, 34, 16, 43, 
2016/9/20, 21, 17, 50, 
2016/9/21, 25, 19, 45, 
2016/9/22, 46, 28, 48, 
2016/9/23, 61, 38, 48, 
2016/9/24, 76, 26, 62, 
2016/9/25, 63, 30, 54, 
2016/9/26, 68, 41, 48, 
2016/9/27, 85, 41, 55, 
2016/9/28, 85, 48, 66, 
2016/9/29, 91, 51, 42, 
2016/9/30, 112, 30, 44, 
2016/10/1, 63, 21, 37, 
2016/4/2, 89, 48, 33, 
2016/4/3, 106, 43, 33, 
2016/4/4, 95, 42, 29, 
2016/4/5, 101, 50, 35, 
2016/4/6, 121, 59, 42, 
2016/4/7, 136, 61, 34, 
2016/4/8, 151, 44, 43, 
2016/4/9, 97, 26, 29, 
2016/4/10, 69, 17, 24, 
2016/4/11, 55, 18, 30, 
2016/4/12, 56, 18, 30, 
2016/4/13, 42, 27, 33, 
2016/4/14, 64, 15, 36, 
2016/4/15, 57, 24, 30, 
2016/4/16, 64, 21, 29, 
2016/4/17, 55, 27, 22, 
2016/4/18, 60, 20, 32, 
2016/4/19, 55, 17, 32, 
2016/4/20, 53, 23, 36, 
2016/4/21, 62, 24, 39, 
2016/4/22, 69, 27, 42, 
2016/4/23, 71, 16, 21, 
2016/4/24, 43, 10, 18, 
2016/4/25, 38, 6, 18, 
2016/4/26, 21, 21, 33, 
2016/4/27, 63, 19, 36, 
2016/4/28, 46, 18, 32, 
2016/4/29, 46, 22, 30, 
2016/4/30, 56, 20, 37, 
2016/5/1, 55, 8, 18, 
2016/5/2, 26, 16, 30, 
2016/5/3, 57, 16, 38, 
2016/5/4, 53, 10, 45, 
2016/5/5, 38, 16, 39, 
2016/5/6, 56, 29, 55, 
2016/5/7, 77, 30, 46, 
2016/5/8, 55, 20, 34, 
2016/5/9, 106, 22, 34, 
2016/5/10, 140, 23, 35, 
2016/5/11, 142, 25, 34, 
2016/5/12, 55, 18, 35, 
2016/5/13, 55, 18, 31, 
2016/5/18, 112, 22, 37, 
2016/5/19, 121, 13, 42, 
2016/5/20, 81, 13, 48, 
2016/5/21, 80, , 36, 
2016/5/23, 53, 23, 33, 
2016/5/24, 69, 16, 33, 
2016/5/25, 39, 16, 23, 
2016/5/26, 49, 14, 30, 
2016/5/27, 60, 36, 47, 
2016/5/28, 73, 35, 39, 
2016/5/29, 72, 20, 21, 
2016/5/30, 57, 16, 35, 
2016/5/31, 42, 16, 36, 
2016/6/1, 49, 19, 33, 
2016/6/2, 42, 11, 21, 
2016/6/3, 30, 21, 21, 
2016/6/4, 74, 10, 28, 
2016/6/5, 53, 15, 28, 
2016/6/6, 62, 14, 32, 
2016/6/7, 39, 18, 34, 
2016/6/8, 52, 15, 36, 
2016/6/9, 42, 23, 27, 
2016/6/10, 66, 21, 30, 
2016/6/11, 59, 20, 26, 
2016/6/12, 62, 10, 21, 
2016/6/13, 26, 13, 30, 
2016/6/14, 45, 14, 26, 
2016/6/15, 25, 12, 29, 
2016/6/16, 13, 12, 37, 
2016/6/17, 33, 13, 24, 
2016/6/18, 17, 13, 25, 
2016/6/19, 29, 13, 28, 
2016/6/20, 33, 9, 31, 
2016/6/21, 25, 11, 29, 
2016/6/22, 37, 19, 40, 
2016/6/23, 49, 31, 46, 
2016/6/24, 69, 41, 42, 
2016/6/25, 86, 25, 29, 
2016/6/26, 62, 17, 17, 
2016/6/27, 42, 10, 29, 
2016/6/28, 18, 12, 31, 
2016/6/29, 33, 19, 34, 
2016/6/30, 41, 25, 33, 
2016/7/1, 56, 24, 31, 
2016/1/5, 97, 36, 31, 
2016/1/6, 99, 35, 34, 
2016/1/7, 93, 44, 50, 
2016/1/8, 104, 51, 41, 
2016/1/9, 127, 44, 33, 
2016/1/10, 119, 43, 35, 
2016/1/11, 112, 35, 28, 
2016/1/12, 87, 36, 54, 
2016/1/13, 80, 27, 53, 
2016/1/14, 65, 32, 40, 
2016/1/15, 78, 30, 44, 
2016/1/16, 78, 25, 52, 
2016/1/17, 68, 10, 32, 
2016/1/18, 25, 22, 52, 
2016/1/19, 68, 42, 46, 
2016/1/20, 102, 54, 50, 
2016/1/21, 137, 65, 54, 
2016/1/22, 157, 70, 63, 
2016/1/23, 160, 73, 71, 
2016/1/24, 162, 84, 57, 
2016/1/25, 172, 80, 72, 
2016/1/26, 166, 57, 57, 
2016/1/27, 129, 68, 55, 
2016/1/28, 159, 72, 54, 
2016/1/29, 161, 65, 55, 
2016/1/30, 154, 84, 44, 
2016/1/31, 175, 70, 65, 
2016/2/1, 158, 53, 57, 
2016/2/2, 114, 64, 29, 
2016/2/3, 134, 31, , 
2016/2/4, 80, 19, , 
2016/2/5, 57, 37, 44, 
2016/2/6, 82, 49, 46, 
2016/2/7, 109, 35, 41, 
2016/2/8, 91, 29, 43, 
2016/2/9, 76, 38, 55, 
2016/2/10, 93, 14, 53, 
2016/2/11, 50, 22, 57, 
2016/2/12, 57, 33, 39, 
2016/2/13, 85, 47, 38, 
2016/2/14, 122, 37, 37, 
2016/2/15, 93, 36, 42, 
2016/2/16, 91, 17, 40, 
2016/2/17, 50, 15, 40, 
2016/2/18, 42, 30, 39, 
2016/2/19, 85, 35, 56, 
2016/2/20, 93, 21, 45, 
2016/2/21, 57, 28, 45, 
2016/2/22, 68, 60, 49, 
2016/2/23, 127, 65, 43, 
2016/2/24, 154, 43, 43, 
2016/2/25, 95, 28, 44, 
2016/2/26, 61, 46, 41, 
2016/2/27, 95, 24, 35, 
2016/2/28, 68, 16, 45, 
2016/2/29, 53, 11, 51, 
2016/3/1, 30, 35, 50, 
2016/3/2, 85, 36, 37, 
2016/3/3, 91, 8, 53, 
2016/3/4, 30, 24, 43, 
2016/3/5, 68, 16, 31, 
2016/3/6, 55, 31, 41, 
2016/3/7, 87, 40, 50, 
2016/3/8, 93, 38, 49, 
2016/3/9, 87, , 39, 
2016/3/11, 89, 32, 49, 
2016/3/12, 87, 36, 39, 
2016/3/13, 93, 23, 31, 
2016/3/14, 70, 22, 40, 
2016/3/15, 59, 33, 43, 
2016/3/16, 89, 18, 33, 
2016/3/17, 50, 30, 46, 
2016/3/18, 85, 34, 56, 
2016/3/19, 93, 37, 58, 
2016/3/20, 99, 27, 35, 
2016/3/21, 72, 31, 46, 
2016/3/22, 85, 50, 35, 
2016/3/23, 127, , 31, 
2016/3/25, 89, 28, 35, 
2016/3/26, 99, 46, 31, 
2016/3/27, 112, 39, 26, 
2016/3/28, 95, 28, 30, 
2016/3/29, 85, 21, 39, 
2016/3/30, 58, 25, 42, 
2016/3/31, 64, 41, 44, 
2016/4/1, 100, 41, 36, 
2015/10/2, 46, 27, 34, 
2015/10/3, 60, 22, 33, 
2015/10/4, 64, 26, 33, 
2015/10/5, 67, 27, 34, 
2015/10/6, 63, 34, 38, 
2015/10/7, 79, 40, 42, 
2015/10/8, 84, 22, 47, 
2015/10/9, 54, 28, 37, 
2015/10/10, 71, 19, 25, 
2015/10/11, 55, 29, 44, 
2015/10/12, 71, 35, 33, 
2015/10/13, 84, 20, 44, 
2015/10/14, 58, 16, 30, 
2015/10/15, 34, 15, 43, 
2015/10/16, 59, 15, 34, 
2015/10/17, 50, 29, 30, 
2015/10/18, 76, 35, 31, 
2015/10/19, 86, 46, 39, 
2015/10/20, 106, 29, 38, 
2015/10/21, 71, 33, 40, 
2015/10/22, 84, 32, 40, 
2015/10/23, 76, 51, 51, 
2015/10/24, 115, 59, 48, 
2015/10/25, 150, 60, 43, 
2015/10/26, 155, 67, 43, 
2015/10/27, 159, 63, 48, 
2015/10/28, 152, 46, 43, 
2015/10/29, 102, 28, 30, 
2015/10/30, 68, 41, 48, 
2015/10/31, 89, 37, 44, 
2015/11/1, 85, 38, 43, 
2015/11/2, 89, 45, 42, 
2015/11/3, 157, 59, 62, 
2015/11/6, 107, 57, 71, 
2015/11/7, 149, 56, 68, 
2015/11/8, 151, 56, 58, 
2015/11/9, 134, 40, 47, 
2015/11/10, 89, 49, 60, 
2015/11/11, 99, 51, 70, 
2015/11/12, 104, 57, 67, 
2015/11/13, 142, 66, 66, 
2015/11/14, 158, 41, 33, 
2015/11/15, 124, 42, 31, 
2015/11/16, 132, 51, 36, 
2015/11/17, 129, 54, 38, 
2015/11/18, 134, 49, 47, 
2015/11/19, 124, 40, 35, 
2015/11/20, 93, 47, 43, 
2015/11/21, 112, 36, 34, 
2015/11/22, 87, 16, 26, 
2015/11/23, 53, 17, 36, 
2015/11/24, 46, 34, 43, 
2015/11/25, 87, 53, 43, 
2015/11/26, 137, 61, 45, 
2015/11/27, 155, 52, 57, 
2015/11/28, 127, 51, 48, 
2015/11/29, 122, 62, 51, 
2015/11/30, 154, 58, 49, 
2015/12/1, 132, 64, 47, 
2015/12/2, 156, 78, 62, 
2015/12/3, 163, 72, 48, 
2015/12/4, 157, 65, 45, 
2015/12/5, 154, 54, 33, 
2015/12/6, 144, 58, 32, 
2015/12/7, 142, 58, 33, 
2015/12/8, 157, 65, 36, 
2015/12/9, 161, 56, 37, 
2015/12/10, 153, 51, 44, 
2015/12/11, 117, 52, 40, 
2015/12/12, 132, 59, 41, 
2015/12/13, 153, 60, 34, 
2015/12/14, 154, 63, 38, 
2015/12/15, 157, 72, 60, 
2015/12/16, 162, 74, 67, 
2015/12/17, 165, 71, 63, 
2015/12/18, 161, 73, 83, 
2015/12/19, 162, 65, 70, 
2015/12/20, 158, 65, 47, 
2015/12/21, 158, 63, 39, 
2015/12/22, 157, 61, 39, 
2015/12/23, 152, 61, 41, 
2015/12/24, 149, 51, 27, 
2015/12/25, 124, 51, 25, 
2015/12/26, 132, 53, 31, 
2015/12/27, 132, 54, 33, 
2015/12/28, 151, 56, 38, 
2015/12/29, 151, 64, 50, 
2015/12/30, 159, , , 
2016/1/3, 107, 33, 27, 
2016/1/4, 89, 36, 29, 
2015/7/2, 67, 29, 34, 
2015/7/3, 63, 29, 37, 
2015/7/4, 61, 25, 22, 
2015/7/5, 61, 29, 21, 
2015/7/6, 64, 39, 35, 
2015/7/7, 77, 37, 33, 
2015/7/8, 79, 30, 21, 
2015/7/9, 65, 20, 28, 
2015/7/10, 42, 16, 29, 
2015/7/11, 25, 20, 22, 
2015/7/12, 45, 24, 21, 
2015/7/13, 58, 30, 32, 
2015/7/14, 59, 27, 34, 
2015/7/15, 55, 33, 38, 
2015/7/16, 67, 31, 30, 
2015/7/17, 65, 24, 39, 
2015/7/18, 53, 21, 26, 
2015/7/19, 53, 20, 22, 
2015/7/20, 50, 27, 21, 
2015/7/21, 56, 26, 35, 
2015/7/22, 62, 31, 46, 
2015/7/23, 67, 20, 34, 
2015/7/24, 53, 28, 28, 
2015/7/25, 62, 20, 20, 
2015/7/26, 53, 13, 18, 
2015/7/27, 26, 22, 30, 
2015/7/28, 53, 28, 27, 
2015/7/29, 56, 25, 31, 
2015/7/30, 46, 20, 31, 
2015/7/31, 42, 11, 20, 
2015/8/1, 21, 15, 23, 
2015/8/2, 33, 19, 20, 
2015/8/3, 52, 28, 35, 
2015/8/4, 60, 29, 39, 
2015/8/5, 64, 28, 37, 
2015/8/6, 63, 29, 36, 
2015/8/7, 64, 37, 34, 
2015/8/8, 75, 32, 29, 
2015/8/9, 72, 20, 16, 
2015/8/10, 31, 22, 24, 
2015/8/11, 66, 26, 28, 
2015/8/12, 55, 35, 34, 
2015/8/13, 85, 33, 39, 
2015/8/14, 85, 33, 27, 
2015/8/15, 76, 16, 15, 
2015/8/16, 47, 13, 15, 
2015/8/17, 34, 16, 16, 
2015/8/18, 34, 17, 18, 
2015/8/19, 30, 13, 20, 
2015/8/20, 33, 13, 28, 
2015/8/21, 41, 15, 17, 
2015/8/22, 42, 19, 17, 
2015/8/23, 52, 16, 16, 
2015/8/24, 54, 28, 20, 
2015/8/25, 73, 27, 29, 
2015/8/26, 61, 27, 29, 
2015/8/27, 61, 29, 34, 
2015/8/28, 63, 29, 36, 
2015/8/29, 61, 32, 49, 
2015/8/30, 69, 27, 36, 
2015/8/31, 63, 20, 38, 
2015/9/1, 55, 26, 41, 
2015/9/2, 58, 22, 28, 
2015/9/3, 57, 18, 37, 
2015/9/4, 34, 16, 34, 
2015/9/5, 30, 7, 26, 
2015/9/6, 25, 8, 30, 
2015/9/7, 25, 16, 36, 
2015/9/8, 45, 17, 41, 
2015/9/9, 42, 19, 41, 
2015/9/10, 45, 21, 36, 
2015/9/11, 54, 23, 35, 
2015/9/12, 55, 30, 29, 
2015/9/13, 71, 26, 23, 
2015/9/14, 68, 24, 41, 
2015/9/15, 57, 23, 40, 
2015/9/16, 53, 29, 37, 
2015/9/17, 50, 30, 36, 
2015/9/18, 50, , 36, 
2015/9/20, 63, 17, 34, 
2015/9/21, 42, 27, 52, 
2015/9/22, 60, 27, 41, 
2015/9/23, 61, 15, 42, 
2015/9/24, 38, 16, 45, 
2015/9/25, 45, 24, 51, 
2015/9/26, 49, 26, 46, 
2015/9/27, 58, 22, 29, 
2015/9/28, 50, 22, 31, 
2015/9/29, 38, 22, 35, 
2015/9/30, 41, 25, 32, 
2015/10/1, 60, 20, 34, 
2015/4/2, 31, 13, 44, 
2015/4/3, 45, 20, 30, 
2015/4/4, 64, 17, 22, 
2015/4/5, 55, 15, 23, 
2015/4/6, 56, 12, 27, 
2015/4/7, 60, 16, 44, 
2015/4/8, 55, 32, 47, 
2015/4/9, 89, 46, 52, 
2015/4/10, 127, 47, 49, 
2015/4/11, 122, 28, 38, 
2015/4/12, 74, 34, 34, 
2015/4/13, 84, 46, 48, 
2015/4/14, 108, 36, 54, 
2015/4/15, 89, 42, 47, 
2015/4/16, 106, 30, 36, 
2015/4/17, 79, 23, 45, 
2015/4/18, 61, 28, 30, 
2015/4/19, 77, 15, 21, 
2015/4/20, 55, 29, 43, 
2015/4/21, 91, 34, 52, 
2015/4/22, 87, 30, 45, 
2015/4/23, 78, 20, 27, 
2015/4/24, 68, 27, 31, 
2015/4/25, 69, 35, 32, 
2015/4/26, 84, 34, 25, 
2015/4/27, 92, 21, 35, 
2015/4/28, 60, 20, 36, 
2015/4/29, 46, 21, 42, 
2015/4/30, 69, 20, 44, 
2015/5/1, 70, 21, 33, 
2015/5/2, 57, 16, 24, 
2015/5/3, 58, 28, 24, 
2015/5/4, 59, 28, 37, 
2015/5/5, 57, 49, 44, 
2015/5/6, 104, 51, 49, 
2015/5/7, 102, 38, 46, 
2015/5/8, 79, 34, 50, 
2015/5/9, 76, 15, 34, 
2015/5/10, 55, 14, 43, 
2015/5/11, 42, 26, 61, 
2015/5/12, 70, 28, 41, 
2015/5/13, 68, 29, 60, 
2015/5/14, 71, 28, 31, 
2015/5/15, 63, 21, 28, 
2015/5/16, 59, 14, 20, 
2015/5/17, 35, 20, 24, 
2015/5/18, 52, 26, 34, 
2015/5/19, 64, 22, 30, 
2015/5/20, 59, 11, 39, 
2015/5/21, 35, 10, 38, 
2015/5/22, 21, 17, 28, 
2015/5/23, 55, 13, 33, 
2015/5/24, 42, 8, 23, 
2015/5/25, 25, 16, 40, 
2015/5/26, 53, 17, 40, 
2015/5/27, 56, 12, 38, 
2015/5/28, 50, 19, 29, 
2015/5/29, 58, 22, 32, 
2015/5/30, 62, 19, 25, 
2015/5/31, 55, 21, 17, 
2015/6/1, 58, 25, 26, 
2015/6/2, 67, 15, 19, 
2015/6/3, 53, 21, 39, 
2015/6/4, 56, 34, 58, 
2015/6/5, 79, 34, 53, 
2015/6/6, 72, 33, 29, 
2015/6/7, 79, 18, 21, 
2015/6/8, 47, 17, 34, 
2015/6/9, 46, 18, 31, 
2015/6/10, 49, 24, 36, 
2015/6/11, 67, 29, 41, 
2015/6/12, 73, 34, 50, 
2015/6/13, 77, 32, 33, 
2015/6/14, 79, 21, 25, 
2015/6/15, 54, 20, 26, 
2015/6/16, 50, 16, 34, 
2015/6/17, 18, 15, 34, 
2015/6/18, 37, 26, 38, 
2015/6/19, 61, 34, 41, 
2015/6/20, 77, 13, 77, 
2015/6/21, 39, 14, 27, 
2015/6/22, 45, 19, 31, 
2015/6/23, 52, 20, 34, 
2015/6/24, 50, 9, 24, 
2015/6/25, 18, 15, 35, 
2015/6/26, 29, 24, 41, 
2015/6/27, 53, 23, 32, 
2015/6/28, 56, 15, 22, 
2015/6/29, 38, 19, 28, 
2015/6/30, 41, 20, 34, 
2015/7/1, 49, 32, 39, 
2015/1/2, 147, 58, 37, 
2015/1/3, 153, 63, 48, 
2015/1/4, 156, 46, 55, 
2015/1/5, 117, 28, 51, 
2015/1/6, 74, 50, 40, 
2015/1/7, 124, 67, 39, 
2015/1/8, 161, 61, 39, 
2015/1/9, 153, 66, 57, 
2015/1/10, 156, 49, 42, 
2015/1/11, 114, 56, 25, 
2015/1/12, 153, 27, 43, 
2015/1/13, 72, 58, , 
2015/1/14, 147, , , 
2015/1/16, 154, 60, 37, 
2015/1/17, 153, 30, 43, 
2015/1/18, 78, 30, 40, 
2015/1/19, 82, 48, 60, 
2015/1/20, 117, , 44, 
2015/1/22, 95, 26, 38, 
2015/1/23, 80, 41, 57, 
2015/1/24, 97, 54, 58, 
2015/1/25, 129, 13, 41, 
2015/1/26, 34, 25, 48, 
2015/1/27, 68, 60, 73, 
2015/1/28, 151, 51, 57, 
2015/1/29, 117, 56, 74, 
2015/1/30, 134, 33, 53, 
2015/1/31, 91, 38, 49, 
2015/2/1, 91, 46, 57, 
2015/2/2, 119, 40, 69, 
2015/2/3, 87, 54, 46, 
2015/2/4, 132, 50, 51, 
2015/2/5, 104, 20, 42, 
2015/2/6, 46, 19, 53, 
2015/2/7, 61, 24, 40, 
2015/2/8, 68, 32, 43, 
2015/2/9, 91, 49, 59, 
2015/2/10, 122, 69, 61, 
2015/2/11, 161, 79, 72, 
2015/2/12, 168, 91, 60, 
2015/2/13, 181, 95, 53, 
2015/2/14, 181, 52, 42, 
2015/2/15, 129, 23, 41, 
2015/2/16, 59, 35, 54, 
2015/2/17, 63, 47, 53, 
2015/2/18, 112, 50, 44, 
2015/2/19, 122, 66, 51, 
2015/2/20, 156, 61, 60, 
2015/2/21, 154, 52, 33, 
2015/2/22, 142, 15, 40, 
2015/2/23, 53, 43, 63, 
2015/2/24, 97, 25, 48, 
2015/2/25, 63, 14, 50, 
2015/2/26, 38, 26, 55, 
2015/2/27, 63, 50, 53, 
2015/2/28, 104, 55, 59, 
2015/3/1, 129, 52, 52, 
2015/3/2, 124, 36, 53, 
2015/3/3, 91, 32, 58, 
2015/3/4, 80, 50, 49, 
2015/3/5, 119, 12, 45, 
2015/3/6, 42, 20, 48, 
2015/3/7, 55, 26, 47, 
2015/3/8, 65, 45, 50, 
2015/3/9, 107, 46, 44, 
2015/3/10, 107, 62, 55, 
2015/3/11, 152, 74, 65, 
2015/3/12, 161, 40, 43, 
2015/3/13, 91, 48, 48, 
2015/3/14, 102, 40, 46, 
2015/3/15, 91, 40, 38, 
2015/3/16, 93, 34, 43, 
2015/3/17, 87, 33, 49, 
2015/3/18, 85, 52, 44, 
2015/3/19, 122, 67, 48, 
2015/3/20, 155, 52, 44, 
2015/3/21, 114, 51, 31, 
2015/3/22, 119, 32, 35, 
2015/3/23, 89, , 42, 
2015/3/26, 95, 26, 37, 
2015/3/27, 76, 18, 35, 
2015/3/28, 65, 10, 53, 
2015/3/29, 68, 30, 42, 
2015/3/30, 85, 19, 46, 
2015/3/31, 39, 19, 44, 
2015/4/1, 58, 10, 34, 
2014/10/7, 93, 40, 41, 
2014/10/8, 94, 35, , 
2014/10/9, 56, 51, , 
2014/10/10, 100, 57, 44, 
2014/10/11, 127, 43, 43, 
2014/10/12, 94, 37, 31, 
2014/10/13, 74, 24, 35, 
2014/10/14, 43, 28, 37, 
2014/10/15, 76, 29, 38, 
2014/10/16, 68, 29, 42, 
2014/10/17, 68, 34, 51, 
2014/10/18, 55, 49, 43, 
2014/10/19, 91, 51, 33, 
2014/10/20, 108, 52, 45, 
2014/10/21, 118, 44, 42, 
2014/10/22, 94, 16, 29, 
2014/10/23, 47, 10, 46, 
2014/10/24, 42, 31, 58, 
2014/10/25, 72, 23, 35, 
2014/10/26, 61, 32, 41, 
2014/10/27, 79, 34, 38, 
2014/10/28, 84, 47, 49, 
2014/10/29, 109, 56, 47, 
2014/10/30, 142, 73, 49, 
2014/10/31, 163, 88, 69, 
2014/11/1, 149, 79, 57, 
2014/11/2, 170, 62, 66, 
2014/11/3, 155, 54, 48, 
2014/11/4, 127, 32, 35, 
2014/11/5, 65, 17, 35, 
2014/11/6, 42, 23, 43, 
2014/11/7, 61, 32, 46, 
2014/11/8, 76, 35, 33, 
2014/11/9, 78, 38, 27, 
2014/11/10, 89, 16, 31, 
2014/11/11, 50, 13, 37, 
2014/11/12, 34, 20, 42, 
2014/11/13, 46, 20, 45, 
2014/11/14, 50, 51, 43, 
2014/11/15, 117, 25, 30, 
2014/11/16, 70, 13, 34, 
2014/11/17, 38, 18, 35, 
2014/11/18, 63, 17, 37, 
2014/11/19, 55, 40, 35, 
2014/11/20, 102, 55, 53, 
2014/11/21, 147, 57, 58, 
2014/11/22, 144, 66, 51, 
2014/11/23, 156, 65, 50, 
2014/11/24, 158, 64, 53, 
2014/11/25, 157, 76, 60, 
2014/11/26, 165, , 31, 
2014/12/3, 68, 31, 28, 
2014/12/4, 78, 23, 28, 
2014/12/5, 59, 30, 33, 
2014/12/6, 78, 29, 32, 
2014/12/7, 74, 20, 33, 
2014/12/8, 53, 34, 29, 
2014/12/9, 91, 17, 41, 
2014/12/10, 53, 41, 60, 
2014/12/11, 95, 54, 47, 
2014/12/12, 85, 59, 54, 
2014/12/13, 151, 61, 42, 
2014/12/14, 154, 60, 39, 
2014/12/15, 155, 58, 42, 
2014/12/16, 152, 30, 43, 
2014/12/17, 82, 49, 48, 
2014/12/18, 114, 52, 53, 
2014/12/19, 132, 66, 67, 
2014/12/20, 158, 52, 35, 
2014/12/21, 134, 40, 38, 
2014/12/22, 102, 42, 42, 
2014/12/23, 107, 48, 41, 
2014/12/24, 122, 42, 35, 
2014/12/25, 109, 46, 30, 
2014/12/26, 122, 18, 34, 
2014/12/27, 42, 30, 34, 
2014/12/28, 87, 40, 30, 
2014/12/29, 117, , , 
2020/4/1, , 21, 20, 
2020/3/3, , 24, 32, 
2020/3/28, , 66, 25, 
2020/1/1, , 113, 38, 
2019/10/1, , 33, 37, 
2019/12/28, , 53, 36, 
2019/8/14, , 8, 17, 
2019/9/4, , 22, 36, 
2019/6/5, , 19, 9, 
2019/6/13, , 13, 22, 
2019/6/29, , 25, 13, 
2019/1/1, , 70, 31, 
2019/3/20, , 24, 32, 
2018/12/5, , 61, 57, 
2018/7/13, , 24, , 
2018/9/12, , 47, 38, 
2018/5/11, , 30, 39, 
2018/1/5, , 54, 40, 
2018/3/1, , 55, 44, 
2018/3/10, , 13, 34, 
2017/8/3, , 37, 38, 
2017/8/25, , 28, 25, 
2017/2/13, , 52, 24, 
2017/3/6, , 27, 44, 
2017/3/12, , 16, , 
2016/8/26, , 25, 29, 
2016/9/9, , 55, , 
2016/5/14, , 26, 27, 
2016/5/15, , 15, 23, 
2016/5/16, , 15, 29, 
2016/5/17, , 45, 36, 
2016/5/22, , 12, 26, 
2016/3/10, , 33, 48, 
2016/3/24, , 38, 42, 
2015/11/5, , 51, 50, 
2016/1/1, , 61, 25, 
2016/1/2, , 40, 26, 
2015/9/19, , 32, 28, 
2015/1/1, , 55, 32, 
2015/1/15, , 60, , 
2015/1/21, , 38, 55, 
2015/3/25, , 32, 43, 
2014/10/6, , 40, 41, 
2014/12/2, , 30, 29, 
2019/6/4, , , 11, 
2018/2/27, , , 42, 
2018/2/28, , , 43, 
2018/3/9, , , 48, 
2016/8/24, , , 30, 
2016/8/25, , , 28, 
2015/11/4, , , 43, 
2015/3/24, , , 49, 
2014/11/27, , , 30, 
2014/11/28, , , 33, 
2014/11/29, , , 38, 
2014/11/30, , , 31, 
2014/12/1, , , 36, 