date, pm25, pm10, o3, no2, so2, co
2020/5/2, 150, 67, 59, 23, 4, 9
2020/5/3, 136, 58, 73, 23, 4, 7
2020/5/4, 112, 72, 65, 35, 6, 14
2020/5/5, 133, 44, 37, 9, 3, 10
2020/5/6, 130, 52, 34, 16, 6, 16
2020/5/7, 121, 49, 39, 17, 5, 16
2020/5/8, 119, 33, 23, 14, 1, 13
2020/5/9, 89, , , , , 
2020/4/2, 101, 46, 45, 13, 3, 8
2020/4/3, 121, 62, 43, 15, 4, 9
2020/4/4, 156, 60, 61, 18, 5, 10
2020/4/5, 150, 64, 85, 20, 5, 9
2020/4/6, 151, 55, 52, 17, 5, 7
2020/4/7, 100, 55, 62, 23, 6, 8
2020/4/8, 112, 55, 70, 30, 4, 7
2020/4/9, 105, 61, 94, 38, 6, 8
2020/4/10, 126, 60, 25, 13, 3, 6
2020/4/11, 119, 21, 39, 4, 2, 4
2020/4/12, 47, 46, 65, 15, 3, 5
2020/4/13, 111, 46, 63, 28, 3, 6
2020/4/14, 101, 51, 57, 30, 10, 7
2020/4/15, 107, 50, 68, 30, 9, 7
2020/4/16, 100, 63, 72, 24, 12, 9
2020/4/17, 134, 74, 47, 13, 6, 7
2020/4/18, 118, 55, 42, 14, 3, 10
2020/4/19, 116, 27, 61, 10, 2, 7
2020/4/20, 84, 49, 33, 26, 4, 9
2020/4/21, 135, 52, 37, 17, 4, 7
2020/4/22, 109, 58, 55, 25, 9, 11
2020/4/23, 132, 64, 55, 26, 6, 10
2020/4/24, 135, 54, 53, 24, 4, 6
2020/4/25, 96, 51, 56, 30, 5, 5
2020/4/26, 88, 57, 59, 28, 5, 6
2020/4/27, 99, 62, 66, 28, 4, 7
2020/4/28, 110, 59, 82, 32, 8, 13
2020/4/29, 109, 73, 84, 42, 7, 9
2020/4/30, 130, 71, 51, 34, 6, 10
2020/5/1, 148, 58, 69, 17, 5, 10
2020/3/2, 111, 39, 29, 10, 5, 13
2020/3/3, 106, 29, 23, 10, 2, 10
2020/3/4, 93, 41, 43, 15, 6, 12
2020/3/5, 124, 55, 52, 15, 6, 9
2020/3/6, 155, 49, 34, 12, 9, 9
2020/3/7, 146, 44, 44, 14, 6, 12
2020/3/8, 130, 34, 31, 14, 7, 13
2020/3/9, 115, 49, 37, 8, 3, 9
2020/3/10, 146, 49, 40, 11, 3, 8
2020/3/11, 138, 61, 46, 20, 6, 10
2020/3/12, 138, 58, 30, 19, 13, 13
2020/3/13, 153, 74, 33, 16, 3, 10
2020/3/14, 157, 65, 45, 11, 4, 8
2020/3/15, 148, 67, 52, 19, 4, 6
2020/3/16, 107, 68, 41, 22, 8, 11
2020/3/17, 142, 64, 59, 25, 6, 9
2020/3/18, 142, 62, 49, 16, 6, 8
2020/3/19, 136, 57, 57, 19, 5, 8
2020/3/20, 113, 76, 62, 18, 10, 8
2020/3/21, 111, 62, 36, 19, 8, 14
2020/3/22, 139, 70, 46, 9, 4, 11
2020/3/23, 145, 64, 66, 17, 8, 14
2020/3/24, 147, 54, 39, 13, 8, 11
2020/3/25, 127, 42, 25, 12, 6, 11
2020/3/26, 111, 52, 36, 13, 6, 13
2020/3/27, 99, 21, 26, 6, 3, 6
2020/3/28, 59, 19, 35, 9, 5, 8
2020/3/29, 62, 18, 29, 10, 4, 8
2020/3/30, 62, 24, 30, 8, 3, 7
2020/3/31, 71, 37, 23, 13, 4, 7
2020/4/1, 91, 39, 39, 15, 4, 10
2020/2/2, 164, 61, 31, 23, 4, 9
2020/2/3, 160, 67, 40, 20, 6, 12
2020/2/4, 166, 67, 46, 26, 6, 10
2020/2/5, 166, 80, 39, 25, 8, 15
2020/2/6, 184, 47, 22, 10, 4, 12
2020/2/7, 122, 20, 19, 6, 2, 7
2020/2/8, 81, 28, 23, 10, 3, 8
2020/2/9, 93, 36, 34, 13, 3, 9
2020/2/10, 109, 45, 25, 20, 5, 10
2020/2/11, 141, 36, 24, 10, 4, 11
2020/2/12, 113, 34, 23, 15, 5, 11
2020/2/13, 105, 36, 21, 14, 6, 14
2020/2/14, 105, 39, 19, 10, 5, 14
2020/2/15, 101, 27, 23, 6, 2, 10
2020/2/16, 83, 23, 33, 7, 3, 8
2020/2/17, 69, 26, 36, 13, 3, 8
2020/2/18, 72, 29, 43, 17, 5, 10
2020/2/19, 89, 34, 37, 13, 7, 11
2020/2/20, 100, 49, 42, 20, 6, 14
2020/2/21, 128, 49, 33, 14, 4, 11
2020/2/22, 140, 53, 42, 14, 6, 13
2020/2/23, 144, 60, 43, 15, 8, 12
2020/2/24, 128, 55, 43, 12, 9, 14
2020/2/25, 131, 72, 43, 15, 4, 14
2020/2/26, 160, 57, 27, 9, 4, 16
2020/2/27, 147, 46, 26, 12, 5, 13
2020/2/28, 123, 17, 17, 9, 3, 13
2020/2/29, 66, 20, 36, 11, 4, 14
2020/3/1, 83, 39, 34, 8, 3, 12
2020/1/2, 136, 81, 4, 24, 4, 11
2020/1/3, 165, 86, 5, 25, 3, 9
2020/1/4, 182, 104, 3, 27, 3, 13
2020/1/5, 194, 82, 2, 22, 4, 14
2020/1/6, 165, 29, 5, 21, 3, 14
2020/1/7, 70, 23, 19, 20, 2, 13
2020/1/8, 71, 49, 21, 20, 5, 12
2020/1/9, 129, 22, 19, 18, 3, 8
2020/1/10, 71, 31, 14, 16, 2, 8
2020/1/11, 105, 39, 14, 19, 2, 7
2020/1/12, 119, 70, 15, 33, 4, 15
2020/1/13, 163, 58, 24, 27, 4, 11
2020/1/14, 145, 89, 32, 22, 5, 13
2020/1/15, 187, 77, 28, 22, 5, 14
2020/1/16, 177, 54, 18, 15, 2, 9
2020/1/17, 159, 46, 19, 19, 3, 8
2020/1/18, 142, 61, 26, 29, 5, 13
2020/1/19, 158, 85, 32, 27, 4, 11
2020/1/20, 184, 95, 25, 44, 5, 18
2020/1/21, 186, 79, 23, 26, 4, 13
2020/1/22, 176, 73, 21, 17, 3, 11
2020/1/23, 173, 71, 21, 12, 3, 12
2020/1/24, 174, 39, 28, 7, 2, 5
2020/1/25, 116, 46, 23, 7, 2, 7
2020/1/26, 131, 32, 30, 6, 3, 5
2020/1/27, 104, 45, 28, 6, 2, 8
2020/1/28, 137, 55, 33, 9, 2, 7
2020/1/29, 154, 54, 35, 15, 4, 7
2020/1/30, 154, 55, 42, 20, 4, 8
2020/1/31, 153, 68, 45, 22, 5, 10
2020/2/1, 168, 63, 40, 23, 6, 11
2019/10/2, 118, 56, 87, 24, 8, 11
2019/10/3, 118, 63, 101, 35, 9, 12
2019/10/4, 143, 74, 114, 33, 9, 12
2019/10/5, 150, 51, 39, 9, 3, 7
2019/10/6, 105, 28, 14, 13, 3, 8
2019/10/7, 69, 21, 33, 11, 3, 5
2019/10/8, 46, 21, 33, 12, 4, 7
2019/10/9, 57, 38, 42, 22, 6, 10
2019/10/10, 83, 62, 33, 28, 5, 11
2019/10/11, 137, 32, 29, 17, 3, 8
2019/10/12, 68, 43, 27, 15, 3, 9
2019/10/13, 110, 42, 29, 16, 3, 9
2019/10/14, 113, 56, 40, 13, 5, 10
2019/10/15, 113, 49, 48, 14, 4, 7
2019/10/16, 92, 33, 32, 14, 4, 8
2019/10/17, 77, 45, 44, 16, 4, 6
2019/10/18, 107, 48, 62, 27, 7, 9
2019/10/19, 115, 55, 69, 42, 5, 12
2019/10/20, 133, 63, 69, 48, 6, 13
2019/10/21, 143, 66, 77, 50, 6, 14
2019/10/22, 144, 60, 39, 30, 6, 11
2019/10/23, 137, 48, 47, 25, 6, 14
2019/10/24, 115, 53, 53, 34, 5, 13
2019/10/25, 121, 44, 23, 15, 4, 6
2019/10/26, 88, 48, 20, 17, 4, 5
2019/10/27, 86, 53, 23, 22, 4, 6
2019/10/28, 122, 51, 34, 25, 5, 7
2019/10/29, 120, 59, 13, 34, 4, 10
2019/10/30, 140, 108, 47, 41, 9, 12
2019/10/31, 132, 104, 56, 54, 7, 15
2019/11/1, 157, 94, 59, 52, 6, 12
2019/11/2, 152, 95, 47, 55, 7, 12
2019/11/3, 158, 91, 62, 25, 6, 9
2019/11/4, 157, 90, 45, 16, 4, 9
2019/11/5, 175, 79, 50, 34, 10, 15
2019/11/6, 165, 72, 43, 35, 7, 11
2019/11/7, 147, 69, 56, 26, 5, 8
2019/11/8, 136, 72, 58, 42, 12, 19
2019/11/9, 153, 82, 54, 48, 7, 11
2019/11/10, 160, 85, 44, 44, 7, 10
2019/11/11, 152, 81, 48, 47, 7, 11
2019/11/12, 151, 69, 40, 26, 7, 10
2019/11/13, 140, 59, 26, 24, 4, 8
2019/11/14, 104, 56, 27, 31, 5, 7
2019/11/15, 84, 67, 34, 39, 10, 10
2019/11/16, 116, 94, 29, 53, 12, 14
2019/11/17, 152, 89, 21, 32, 5, 12
2019/11/18, 174, 57, 26, 16, 3, 5
2019/11/19, 83, 76, 20, 28, 6, 8
2019/11/20, 111, 72, 26, 33, 6, 7
2019/11/21, 120, 81, 15, 41, 9, 10
2019/11/22, 150, 101, 35, 48, 10, 13
2019/11/23, 159, 88, 18, 51, 10, 13
2019/11/24, 155, 112, 24, 30, 6, 12
2019/11/25, 184, 29, 19, 11, 3, 6
2019/11/26, 80, 37, 11, 16, 4, 10
2019/11/27, 98, 24, 17, 14, 3, 7
2019/11/28, 80, 73, 14, 23, 14, 12
2019/11/29, 164, 57, 20, 23, 6, 9
2019/11/30, 119, 53, 12, 22, 4, 6
2019/12/1, 143, 67, 21, 22, 4, 8
2019/12/2, 164, 76, 27, 34, 10, 13
2019/12/3, 161, 82, 17, 48, 5, 16
2019/12/4, 162, 89, 25, 52, 7, 18
2019/12/5, 162, 73, 30, 40, 7, 13
2019/12/6, 140, 85, 35, 38, 11, 13
2019/12/7, 178, 84, 34, 44, 9, 12
2019/12/8, 169, 85, 33, 46, 9, 13
2019/12/9, 166, 89, 28, 54, 9, 13
2019/12/10, 163, 107, 15, 60, 10, 17
2019/12/11, 173, 103, 29, 52, 9, 18
2019/12/12, 173, 86, 33, 43, 9, 13
2019/12/13, 160, 112, 19, 55, 10, 14
2019/12/14, 181, 123, 25, 39, 11, 18
2019/12/15, 206, 105, 18, 33, 14, 19
2019/12/16, 184, 70, 5, 23, 4, 9
2019/12/17, 155, 55, 8, 22, 4, 10
2019/12/18, 137, 63, 8, 18, 3, 10
2019/12/19, 159, 45, 18, 22, 12, 9
2019/12/20, 112, 62, 7, 26, 6, 11
2019/12/21, 147, 60, 5, 29, 5, 11
2019/12/22, 150, 53, 23, 24, 4, 7
2019/12/23, 152, 58, 14, 23, 6, 10
2019/12/24, 143, 74, 6, 24, 5, 15
2019/12/25, 171, 51, 5, 18, 4, 13
2019/12/26, 129, 66, 21, 21, 5, 12
2019/12/27, 151, 82, 21, 33, 6, 13
2019/12/28, 169, 87, 5, 39, 14, 16
2019/12/29, 167, 61, 17, 28, 4, 10
2019/12/30, 150, , , , , 
2019/7/2, 91, 62, 130, 31, 7, 15
2019/7/3, 127, 64, 117, 32, 5, 13
2019/7/4, 131, 60, 41, 26, 4, 10
2019/7/5, 121, 60, 64, 27, 3, 9
2019/7/6, 138, 48, 56, 20, 2, 9
2019/7/7, 97, 56, 90, 25, 4, 12
2019/7/8, 107, 56, 64, 20, 4, 14
2019/7/9, 106, 35, 45, 11, 3, 9
2019/7/10, 85, 40, 82, 22, 4, 11
2019/7/11, 93, 51, 81, 25, 5, 11
2019/7/12, 114, 42, 37, 21, 3, 18
2019/7/13, 107, 24, 39, 13, 2, 7
2019/7/14, 74, 49, 78, 20, 3, 9
2019/7/15, 110, 44, 68, 21, 4, 10
2019/7/16, 98, 43, 76, 24, 3, 10
2019/7/17, 89, 54, 47, 24, 3, 11
2019/7/18, 109, 37, 45, 17, 4, 15
2019/7/19, 87, 34, 43, 14, 2, 8
2019/7/20, 89, 46, 90, 25, 3, 9
2019/7/21, 91, 50, 69, 29, 5, 10
2019/7/22, 126, 56, 59, 27, 2, 8
2019/7/23, 114, 45, 45, 18, 2, 7
2019/7/24, 79, 53, 56, 18, 2, 9
2019/7/25, 77, 47, 51, 22, 2, 7
2019/7/26, 104, 51, 52, 22, 2, 6
2019/7/27, 80, 46, 50, 15, 2, 7
2019/7/28, 81, 48, 46, 16, 1, 7
2019/7/29, 82, 48, 50, 14, 2, 7
2019/7/30, 92, 38, 49, 18, 2, 8
2019/7/31, 78, 48, 83, 23, 4, 9
2019/8/1, 108, 48, 69, 21, 3, 9
2019/8/2, 92, 49, 60, 20, 8, 14
2019/8/3, 91, 43, 78, 18, 4, 12
2019/8/4, 86, 47, 106, 20, 6, 12
2019/8/5, 91, 52, 101, 29, 4, 9
2019/8/6, 109, 52, 103, 24, 5, 11
2019/8/7, 111, 51, 82, 23, 4, 16
2019/8/8, 108, 42, 70, 17, 3, 11
2019/8/9, 92, 48, 63, 15, 2, 8
2019/8/10, 117, 29, 32, 9, 2, 6
2019/8/11, 76, 30, 62, 9, 2, 8
2019/8/12, 94, 42, 91, 20, 3, 8
2019/8/13, 93, 54, 104, 29, 6, 12
2019/8/14, 118, 54, 97, 20, 5, 11
2019/8/15, 122, 51, 87, 26, 4, 11
2019/8/16, 113, 58, 96, 30, 3, 8
2019/8/17, 115, 72, 143, 32, 8, 12
2019/8/18, 146, 66, 109, 18, 9, 14
2019/8/19, 133, 53, 105, 20, 9, 12
2019/8/20, 111, 61, 132, 26, 8, 12
2019/8/21, 147, 79, 104, 35, 6, 11
2019/8/22, 145, 62, 76, 14, 4, 11
2019/8/23, 151, 73, 108, 23, 7, 15
2019/8/24, 159, 65, 111, 24, 11, 18
2019/8/25, 149, 57, 104, 21, 10, 19
2019/8/26, 120, 44, 56, 12, 6, 13
2019/8/27, 102, 45, 78, 18, 5, 13
2019/8/28, 91, 25, 41, 13, 2, 10
2019/8/29, 71, 41, 112, 22, 6, 13
2019/8/30, 98, 54, 86, 20, 9, 15
2019/8/31, 103, 47, 65, 23, 11, 14
2019/9/1, 78, 49, 50, 26, 6, 10
2019/9/2, 118, 53, 95, 23, 8, 12
2019/9/3, 121, 42, 65, 16, 7, 14
2019/9/4, 93, 51, 76, 18, 8, 12
2019/9/5, 117, 55, 119, 25, 10, 25
2019/9/6, 107, 52, 84, 18, 6, 15
2019/9/7, 94, 60, 110, 25, 6, 11
2019/9/8, 95, 65, 102, 38, 7, 13
2019/9/9, 129, 65, 115, 31, 8, 15
2019/9/10, 142, 65, 112, 23, 8, 17
2019/9/11, 142, 59, 111, 25, 13, 15
2019/9/12, 122, 68, 125, 26, 6, 13
2019/9/13, 144, 66, 115, 16, 8, 11
2019/9/14, 134, 49, 59, 8, 5, 9
2019/9/15, 89, 54, 52, 11, 4, 10
2019/9/16, 112, 48, 37, 11, 4, 8
2019/9/17, 97, 46, 35, 12, 5, 9
2019/9/18, 90, 46, 29, 13, 4, 8
2019/9/19, 108, 62, 86, 21, 9, 13
2019/9/20, 125, 44, 54, 16, 5, 8
2019/9/21, 66, 47, 68, 16, 5, 5
2019/9/22, 77, 54, 69, 17, 6, 6
2019/9/23, 87, 52, 74, 24, 7, 7
2019/9/24, 89, 57, 90, 39, 9, 10
2019/9/25, 102, 69, 73, 56, 12, 12
2019/9/26, 126, 81, 95, 52, 10, 13
2019/9/27, 144, 66, 75, 42, 10, 12
2019/9/28, 123, 69, 108, 39, 11, 13
2019/9/29, 135, 78, 108, 53, 10, 13
2019/9/30, 151, 69, 102, 45, 11, 13
2019/10/1, 139, 61, 110, 30, 12, 12
2019/4/2, 142, 62, 36, 34, 8, 16
2019/4/3, 133, 44, 56, 23, 4, 11
2019/4/4, 114, 78, 52, 42, 5, 13
2019/4/5, 154, 53, 46, 24, 3, 10
2019/4/6, 122, 72, 63, 36, 6, 11
2019/4/7, 133, 83, 75, 41, 10, 13
2019/4/8, 148, 77, 64, 33, 7, 13
2019/4/9, 137, 42, 34, 15, 6, 10
2019/4/10, 94, 32, 31, 11, 3, 9
2019/4/11, 96, 58, 40, 22, 3, 8
2019/4/12, 130, 54, 59, 22, 6, 10
2019/4/13, 109, 68, 47, 32, 8, 12
2019/4/14, 129, 75, 48, 25, 4, 9
2019/4/15, 121, 62, 74, 26, 5, 9
2019/4/16, 122, 53, 49, 19, 3, 7
2019/4/17, 114, 68, 67, 31, 3, 9
2019/4/18, 117, 74, 53, 33, 11, 13
2019/4/19, 126, 65, 60, 21, 4, 12
2019/4/20, 137, 77, 88, 20, 6, 17
2019/4/21, 149, 50, 36, 13, 2, 9
2019/4/22, 133, 64, 18, 20, 4, 17
2019/4/23, 161, 59, 53, 26, 3, 14
2019/4/24, 136, 83, 109, 41, 6, 20
2019/4/25, 159, 89, 45, 34, 4, 19
2019/4/26, 147, 53, 23, 22, 6, 14
2019/4/27, 103, 51, 42, 16, 7, 12
2019/4/28, 113, 38, 32, 13, 2, 9
2019/4/29, 100, 20, 28, 14, 2, 9
2019/4/30, 65, 58, 58, 28, 3, 10
2019/5/1, 133, 65, 62, 22, 4, 11
2019/5/2, 123, 66, 76, 38, 6, 13
2019/5/3, 115, 79, 93, 38, 7, 11
2019/5/4, 138, 82, 87, 41, 10, 11
2019/5/5, 145, 74, 45, 37, 10, 12
2019/5/6, 128, 58, 53, 19, 4, 10
2019/5/7, 111, 55, 45, 24, 8, 13
2019/5/8, 93, 58, 77, 27, 6, 9
2019/5/9, 105, 60, 73, 29, 6, 8
2019/5/10, 129, 68, 96, 38, 6, 9
2019/5/11, 140, 86, 117, 52, 7, 12
2019/5/12, 150, 98, 64, 52, 8, 13
2019/5/13, 162, 119, 37, 22, 4, 9
2019/5/14, 160, 125, 23, 38, 4, 11
2019/5/15, 161, 43, 19, 21, 2, 12
2019/5/16, 114, 59, 21, 30, 2, 13
2019/5/17, 141, 58, 50, 34, 2, 14
2019/5/18, 142, 69, 70, 29, 3, 16
2019/5/19, 138, 43, 38, 15, 2, 7
2019/5/20, 97, 80, 50, 17, 3, 5
2019/5/21, 101, 84, 43, 35, 4, 8
2019/5/22, 143, 83, 83, 34, 4, 9
2019/5/23, 154, 95, 117, 50, 4, 11
2019/5/24, 149, 76, 66, 35, 7, 11
2019/5/25, 148, 49, 35, 26, 2, 9
2019/5/26, 113, 21, 56, 24, 2, 10
2019/5/27, 64, 76, 60, 23, 2, 9
2019/5/28, 97, 49, 64, 14, 4, 9
2019/5/29, 89, 48, 57, 19, 7, 11
2019/5/30, 100, 40, 44, 22, 2, 9
2019/5/31, 108, 63, 87, 26, 3, 11
2019/6/1, 144, 66, 89, 36, 3, 12
2019/6/2, 139, 52, 81, 26, 3, 9
2019/6/3, 116, 67, 77, 33, 2, 10
2019/6/4, 121, 65, 87, 24, 3, 10
2019/6/5, 131, 59, 106, 21, 3, 11
2019/6/6, 134, 22, 60, 12, 2, 9
2019/6/7, 64, 39, 98, 26, 5, 14
2019/6/8, 97, 49, 85, 24, 5, 11
2019/6/9, 121, 65, 93, 40, 2, 12
2019/6/10, 134, 69, 95, 29, 2, 12
2019/6/11, 133, 56, 91, 21, 3, 9
2019/6/12, 106, 50, 74, 22, 3, 10
2019/6/13, 104, 58, 57, , 2, 
2019/6/14, 124, 59, 113, 29, 4, 11
2019/6/15, 128, 66, 104, 29, 5, 10
2019/6/16, 125, 51, 48, 21, 7, 11
2019/6/17, 108, 27, 34, 16, 3, 10
2019/6/18, 86, 25, 46, 15, 2, 11
2019/6/19, 76, 33, 39, 17, 3, 13
2019/6/20, 89, 37, 46, 16, 4, 11
2019/6/21, 87, 21, 24, 13, 3, 16
2019/6/22, 57, 21, 27, 18, 4, 20
2019/6/23, 65, , , , , 
2019/6/25, 115, 62, 101, 30, 4, 10
2019/6/26, 128, 65, 110, 25, 7, 12
2019/6/27, 147, 68, 103, 31, 5, 11
2019/6/28, 148, 61, 47, 20, 5, 10
2019/6/29, 127, 22, 45, 13, 2, 9
2019/6/30, 68, 33, 71, 18, 3, 7
2019/7/1, 78, 51, 78, 26, 3, 11
2019/1/2, 131, 56, 13, 37, 3, 12
2019/1/3, 158, 61, 15, 31, 7, 15
2019/1/4, 165, 72, 16, 28, 4, 14
2019/1/5, 182, 99, 20, 27, 4, 14
2019/1/6, 224, 116, 16, 34, 7, 20
2019/1/7, 248, 84, 19, 29, 5, 16
2019/1/8, 190, 70, 18, 24, 3, 15
2019/1/9, 172, 38, 11, 26, 3, 18
2019/1/10, 120, 30, 11, 23, 3, 12
2019/1/11, 116, 52, 8, 26, 3, 13
2019/1/12, 163, 81, 22, 34, 8, 20
2019/1/13, 188, 92, 18, 44, 7, 26
2019/1/14, 190, 73, 11, 30, 6, 20
2019/1/15, 174, 88, 21, 26, 4, 19
2019/1/16, 199, 77, 19, 27, 6, 15
2019/1/17, 121, 123, 11, 44, 7, 25
2019/1/18, 187, 108, 11, 45, 6, 22
2019/1/19, 194, 89, 11, 36, 5, 16
2019/1/20, 179, 105, 30, 28, 7, 18
2019/1/21, 216, 113, 23, 42, 11, 18
2019/1/22, 219, 103, 35, 45, 8, 15
2019/1/23, 188, 95, 42, 53, 9, 17
2019/1/24, 191, 93, 47, 52, 9, 17
2019/1/25, 174, 120, 34, 45, 8, 17
2019/1/26, 204, 115, 21, 31, 9, 17
2019/1/27, 221, 78, 20, 35, 12, 13
2019/1/28, 167, 92, 15, 30, 5, 12
2019/1/29, 205, 73, 14, 24, 5, 14
2019/1/30, 177, 49, 7, 20, 3, 15
2019/1/31, 142, 42, 26, 15, 3, 14
2019/2/1, 134, 64, 41, 22, 4, 13
2019/2/2, 169, 58, 21, 24, 6, 14
2019/2/3, 156, 77, 30, 18, 4, 10
2019/2/4, 165, 99, 24, 29, 6, 18
2019/2/5, 189, 96, 36, 22, 6, 14
2019/2/6, 193, 69, 23, 22, 6, 15
2019/2/7, 165, 88, 20, 9, 2, 12
2019/2/8, 189, 23, 24, 8, 3, 7
2019/2/9, 78, 32, 20, 8, 2, 7
2019/2/10, 117, 46, 20, 10, 3, 9
2019/2/11, 153, 60, 25, 19, 3, 10
2019/2/12, 165, 45, 14, 17, 3, 12
2019/2/13, 131, 49, 13, 16, 3, 11
2019/2/14, 149, 29, 14, 15, 3, 11
2019/2/15, 110, 41, 11, 17, 3, 12
2019/2/16, 137, 57, 17, 15, 3, 9
2019/2/17, 158, 68, 26, 16, 4, 8
2019/2/18, 165, 41, 18, 19, 3, 8
2019/2/19, 139, 56, 19, 21, 4, 10
2019/2/20, 160, 68, 17, 22, 4, 9
2019/2/21, 168, 65, 21, 20, 3, 10
2019/2/22, 173, 49, 35, 21, 4, 8
2019/2/23, 140, 54, 12, 31, 4, 9
2019/2/24, 142, , , , , 
2019/2/26, 180, 99, 26, 36, 10, 16
2019/2/27, 195, 44, 27, 17, 3, 8
2019/2/28, 126, 43, 21, 24, 3, 9
2019/3/1, 122, 40, 16, 24, 3, 10
2019/3/2, 101, 44, 63, 19, 3, 9
2019/3/3, 148, 66, 46, 24, 4, 7
2019/3/4, 157, 79, 39, 32, 8, 12
2019/3/5, 156, 48, 28, 24, 5, 9
2019/3/6, 131, 57, 46, 32, 7, 10
2019/3/7, 133, 70, 49, 22, 7, 8
2019/3/8, 124, 72, 38, 30, 10, 10
2019/3/9, 153, 88, 50, 33, 6, 10
2019/3/10, 169, 99, 34, 41, 7, 10
2019/3/11, 171, 92, 31, 47, 5, 9
2019/3/12, 123, 102, 45, 47, 6, 8
2019/3/13, 142, 105, 33, 45, 11, 11
2019/3/14, 185, 68, 48, 24, 4, 8
2019/3/15, 149, 83, 44, 42, 4, 10
2019/3/16, 148, 95, 63, 41, 11, 12
2019/3/17, 151, 88, 42, 44, 8, 13
2019/3/18, 156, 70, 46, 26, 5, 10
2019/3/19, 155, 76, 41, 28, 10, 14
2019/3/20, 152, 62, 44, 23, 6, 12
2019/3/21, 129, 82, 29, 23, 10, 17
2019/3/22, 134, 45, 26, 15, 4, 9
2019/3/23, 99, 53, 37, 27, 6, 9
2019/3/24, 125, 85, 30, 34, 7, 11
2019/3/25, 160, 53, 39, 22, 5, 9
2019/3/26, 118, 102, 2, 42, 9, 15
2019/3/27, 158, 67, 4, 29, 5, 16
2019/3/28, 152, 84, 11, 37, 5, 19
2019/3/29, 167, 89, 39, 38, 7, 20
2019/3/30, 165, 105, 46, 26, 5, 13
2019/3/31, 166, 58, 48, 27, 6, 13
2019/4/1, 136, 87, 66, 35, 8, 12
2018/10/2, 80, 56, 65, 33, 11, 13
2018/10/3, 105, 60, 92, 42, 14, 16
2018/10/4, 125, 63, 100, 33, 12, 14
2018/10/5, 128, 60, 95, 29, 13, 17
2018/10/6, 129, 85, 106, 55, 12, 15
2018/10/7, 163, 95, 113, 56, 13, 14
2018/10/8, 164, 94, 89, 44, 11, 12
2018/10/9, 169, 73, 54, 27, 10, 10
2018/10/10, 167, 68, 82, 27, 17, 13
2018/10/11, 119, 62, 73, 32, 21, 10
2018/10/12, 112, 64, 76, 30, 16, 10
2018/10/13, 127, 73, 55, 37, 14, 15
2018/10/14, 154, 55, 40, 26, 5, 14
2018/10/15, 134, 48, 26, 23, 5, 11
2018/10/16, 142, 56, 23, 26, 5, 13
2018/10/17, 138, 61, 65, 29, 7, 12
2018/10/18, 140, 69, 68, 36, 15, 21
2018/10/19, 159, 61, 39, 35, 14, 16
2018/10/20, 116, 48, 27, 30, 6, 13
2018/10/21, 126, 48, 20, 25, 3, 10
2018/10/22, 145, 49, 36, 25, 4, 10
2018/10/23, 134, 74, 59, 48, 6, 31
2018/10/24, 166, 91, 62, 45, 8, 20
2018/10/25, 175, 71, 26, 36, 5, 14
2018/10/26, 157, 60, 47, 28, 6, 11
2018/10/27, 134, 59, 41, 32, 9, 10
2018/10/28, 97, 78, 57, 39, 8, 8
2018/10/29, 140, 77, 46, 42, 7, 10
2018/10/30, 143, 104, 37, 65, 13, 21
2018/10/31, 158, 90, 59, 58, 13, 18
2018/11/1, 158, 82, 76, 39, 12, 12
2018/11/2, 151, 65, 66, 32, 14, 12
2018/11/3, 144, 63, 52, 30, 11, 11
2018/11/4, 147, 80, 34, 37, 9, 13
2018/11/5, 145, 70, 38, 21, 5, 13
2018/11/6, 156, 12, 10, 14, 3, 10
2018/11/7, 44, 14, 15, 14, 2, 9
2018/11/8, 67, 30, 26, 17, 4, 10
2018/11/9, 111, 54, 26, 31, 7, 13
2018/11/10, 133, 44, 16, 31, 9, 15
2018/11/11, 114, 38, 40, 19, 4, 6
2018/11/12, 118, 64, 37, 31, 4, 10
2018/11/13, 168, 65, 32, 30, 8, 18
2018/11/14, 157, 52, 18, 26, 6, 16
2018/11/15, 148, 50, 22, 20, 4, 9
2018/11/16, 154, 46, 26, 16, 3, 7
2018/11/17, 134, 41, 12, 18, 3, 8
2018/11/18, 136, 26, 15, 18, 4, 8
2018/11/19, 107, 60, 21, 34, 7, 16
2018/11/20, 160, 55, 22, 34, 6, 13
2018/11/21, 143, 63, 35, 26, 5, 12
2018/11/22, 161, 82, 44, 40, 11, 20
2018/11/23, 175, 79, 38, 41, 6, 12
2018/11/24, 161, 80, 38, 46, 10, 15
2018/11/25, 170, 116, 33, 59, 7, 22
2018/11/26, 226, 114, 48, 59, 6, 24
2018/11/27, 202, 100, 59, 58, 10, 24
2018/11/28, 187, 132, 42, 58, 10, 22
2018/11/29, 187, 110, 40, 51, 10, 21
2018/11/30, 195, 151, 26, 40, 20, 37
2018/12/1, 291, 126, 16, 35, 10, 28
2018/12/2, 236, 100, 4, 29, 6, 22
2018/12/3, 194, 53, 18, 23, 3, 21
2018/12/4, 157, 87, 16, 18, 3, 15
2018/12/5, 156, 63, 6, 18, 5, 13
2018/12/6, 125, 15, 17, 13, 5, 9
2018/12/7, 66, 49, 21, 13, 3, 10
2018/12/8, 127, 38, 21, 15, 5, 7
2018/12/9, 80, 48, 15, 21, 7, 10
2018/12/10, 119, 50, 10, 20, 4, 9
2018/12/11, 151, 64, 13, 22, 5, 11
2018/12/12, 173, 99, 32, 34, 12, 19
2018/12/13, 202, 106, 26, 53, 11, 18
2018/12/14, 189, 79, 38, 40, 11, 14
2018/12/15, 168, 81, 18, 37, 7, 12
2018/12/16, 181, 98, 32, 33, 7, 13
2018/12/17, 205, 101, 24, 52, 11, 19
2018/12/18, 192, 112, 22, 55, 15, 23
2018/12/19, 177, 81, 12, 41, 18, 21
2018/12/20, 165, 53, 16, 33, 8, 15
2018/12/21, 141, 60, 27, 28, 9, 11
2018/12/22, 161, 57, 10, 23, 4, 12
2018/12/23, 163, 97, 39, 24, 6, 15
2018/12/24, 205, 86, 32, 30, 11, 18
2018/12/25, 177, 64, 9, 26, 4, 13
2018/12/26, 169, 57, 17, 23, 3, 12
2018/12/27, 161, 25, 16, 17, 4, 9
2018/12/28, 91, 82, 20, 14, 4, 9
2018/12/29, 127, 48, 24, 16, 5, 7
2018/12/30, 112, 35, 20, 18, 3, 8
2018/12/31, 102, , , , , 
2018/7/2, 95, 50, 42, 32, 3, 11
2018/7/3, 110, 59, 35, 33, 2, 14
2018/7/4, 132, 47, 49, 25, 2, 10
2018/7/5, 104, 27, 28, 17, 2, 9
2018/7/6, 73, 32, 27, 12, 2, 8
2018/7/7, 85, 17, 20, 9, 2, 6
2018/7/8, 48, 31, 26, 17, 3, 9
2018/7/9, 80, 29, 31, 23, 2, 9
2018/7/10, 72, 59, 85, 35, 4, 13
2018/7/11, 126, 51, 51, 18, 7, 13
2018/7/12, 113, 47, 57, 16, 5, 11
2018/7/13, 84, 36, 56, 19, 3, 7
2018/7/14, 74, 51, 50, 29, 3, 9
2018/7/15, 98, 54, 60, 22, 5, 10
2018/7/16, 99, 62, 70, 22, 8, 11
2018/7/17, 116, 59, 120, 20, 16, 12
2018/7/18, 119, 58, 73, 17, 6, 7
2018/7/19, 104, 53, 61, 19, 7, 7
2018/7/20, 98, 58, 101, 29, 10, 9
2018/7/21, 105, 69, 94, 36, 7, 8
2018/7/22, 115, 54, 70, 20, 8, 11
2018/7/23, 112, 45, 46, 24, 9, 12
2018/7/24, 85, 66, 99, 35, 4, 8
2018/7/25, 124, 52, 50, 26, 4, 6
2018/7/26, 84, 51, 58, 25, 4, 7
2018/7/27, 92, 54, 51, 23, 7, 12
2018/7/28, 89, 44, 63, 17, 7, 11
2018/7/29, 87, 49, 90, 20, 10, 12
2018/7/30, 93, 57, 108, 27, 6, 11
2018/7/31, 96, 49, 71, 27, 8, 11
2018/8/1, 93, 55, 104, 28, 9, 14
2018/8/2, 149, 59, 101, 25, 6, 12
2018/8/3, 119, 41, 59, 25, 5, 17
2018/8/4, 90, 43, 56, 24, 5, 12
2018/8/5, 89, 47, 90, 31, 4, 10
2018/8/6, 99, 53, 109, 28, 4, 13
2018/8/7, 117, 53, 119, 33, 5, 13
2018/8/8, 121, 58, 95, 32, 4, 11
2018/8/9, 123, 57, 122, 30, 6, 13
2018/8/10, 124, 66, 111, 30, 5, 11
2018/8/11, 134, 62, 127, 33, 6, 13
2018/8/12, 142, 66, 108, 25, 6, 12
2018/8/13, 137, 35, 46, 13, 5, 11
2018/8/14, 85, 31, 27, 13, 6, 13
2018/8/15, 63, , , , , 
2018/8/17, 77, 32, 33, 9, 2, 8
2018/8/18, 87, 36, 39, 14, 3, 8
2018/8/19, 91, 28, 48, 17, 3, 8
2018/8/20, 80, 22, 40, 16, 3, 7
2018/8/21, 63, 31, 73, 16, 6, 9
2018/8/22, 70, 43, 39, 20, 8, 19
2018/8/23, 94, , , , , 
2018/8/25, 99, 49, 93, 19, 10, 17
2018/8/26, 106, 44, 45, 15, 6, 10
2018/8/27, 104, 34, 41, 11, 3, 7
2018/8/28, 87, 35, 70, 14, 6, 11
2018/8/29, 88, 47, 55, 19, 6, 16
2018/8/30, 103, 37, 62, 20, 6, 16
2018/8/31, 90, 39, 41, 20, 6, 11
2018/9/1, 87, 28, 38, 23, 4, 15
2018/9/2, 78, 38, 52, 24, 3, 10
2018/9/3, 96, 52, 67, 27, 3, 11
2018/9/4, 104, 65, 121, 41, 9, 18
2018/9/5, 116, 76, 116, 41, 10, 13
2018/9/6, 145, 56, 53, 19, 4, 12
2018/9/7, 131, 46, 38, 17, 4, 8
2018/9/8, 89, 35, 69, 19, 4, 7
2018/9/9, 78, 56, 86, 34, 15, 20
2018/9/10, 111, 58, 58, 32, 8, 12
2018/9/11, 125, 57, 87, 33, 9, 15
2018/9/12, 128, 74, 81, 41, 10, 15
2018/9/13, 150, 75, 58, 34, 7, 13
2018/9/14, 151, 50, 91, 23, 9, 17
2018/9/15, 104, 45, 65, 13, 5, 10
2018/9/16, 110, 61, 58, 10, 4, 10
2018/9/17, 143, 41, 47, 11, 4, 11
2018/9/18, 100, 39, 44, 23, 5, 13
2018/9/19, 85, 56, 42, 23, 4, 10
2018/9/20, 90, 40, 42, 13, 4, 13
2018/9/21, 83, 30, 43, 17, 4, 11
2018/9/22, 88, 59, 46, 35, 6, 10
2018/9/23, 110, 101, 95, 49, 13, 20
2018/9/24, 158, 74, 89, 40, 10, 16
2018/9/25, 142, 59, 67, 23, 10, 14
2018/9/26, 145, 36, 40, 20, 6, 11
2018/9/27, 99, 42, 51, 21, 8, 12
2018/9/28, 95, 47, 72, 23, 5, 9
2018/9/29, 112, 62, 70, 37, 6, 13
2018/9/30, 140, 98, 80, 45, 8, 13
2018/10/1, 144, 51, 58, 20, 6, 8
2018/4/2, 189, 97, 65, 44, 6, 14
2018/4/3, 165, 86, 71, 35, 8, 13
2018/4/4, 156, 136, 23, 17, 9, 8
2018/4/5, 145, 34, 23, 13, 1, 8
2018/4/6, 101, 92, 40, 15, 3, 7
2018/4/7, 108, 94, 43, 23, 7, 11
2018/4/8, 94, 101, 55, 31, 4, 7
2018/4/9, 133, 102, 65, 38, 9, 10
2018/4/10, 139, 113, 86, 42, 7, 10
2018/4/11, 158, 129, 65, 54, 8, 19
2018/4/12, 166, 77, 28, 30, 9, 14
2018/4/13, 163, 36, 25, 16, 1, 7
2018/4/14, 108, 48, 33, 16, 2, 6
2018/4/15, 100, 328, 42, 31, 3, 7
2018/4/16, 162, 279, 54, 40, 6, 9
2018/4/17, 167, 149, 68, 37, 7, 9
2018/4/18, 158, 120, 77, 36, 11, 11
2018/4/19, 159, 97, 79, 34, 13, 11
2018/4/20, 150, 94, 71, 28, 14, 11
2018/4/21, 211, 59, 40, 21, 4, 10
2018/4/22, 134, 58, 18, 21, 9, 13
2018/4/23, 130, 24, 42, 10, 2, 9
2018/4/24, 79, 53, 41, 14, 3, 9
2018/4/25, 142, 64, 55, 25, 5, 14
2018/4/26, 146, 67, 53, 28, 5, 11
2018/4/27, 152, 73, 83, 45, 5, 13
2018/4/28, 161, 75, 78, 45, 6, 15
2018/4/29, 156, 71, 42, 40, 4, 14
2018/4/30, 149, 62, 57, 27, 4, 14
2018/5/1, 129, 53, 54, 31, 4, 12
2018/5/2, 113, 81, 70, 18, 2, 11
2018/5/3, 152, 82, 74, 36, 12, 17
2018/5/4, 123, 80, 57, 40, 10, 10
2018/5/5, 134, 55, 36, 22, 3, 9
2018/5/6, 126, 32, 33, 17, 2, 8
2018/5/7, 69, 26, 51, 12, 2, 7
2018/5/8, 67, 46, 45, 22, 4, 9
2018/5/9, 88, 75, 98, 35, 9, 12
2018/5/10, 130, 65, 67, 26, 13, 11
2018/5/11, 135, 68, 35, 31, 7, 14
2018/5/12, 166, 55, 60, 20, 4, 11
2018/5/13, 141, 64, 81, 33, 4, 9
2018/5/14, 143, 72, 48, 31, 6, 10
2018/5/15, 130, 60, 43, 17, 3, 7
2018/5/16, 100, 62, 55, 17, 3, 7
2018/5/17, 88, 65, 71, 27, 3, 11
2018/5/18, 103, 63, 37, 32, 5, 14
2018/5/19, 115, 48, 68, 23, 6, 13
2018/5/20, 101, 64, 34, 22, 5, 19
2018/5/21, 102, 43, 20, 18, 5, 14
2018/5/22, 83, 56, 31, 13, 2, 9
2018/5/23, 95, 113, 64, 17, 4, 10
2018/5/24, 155, 79, 56, 27, 4, 12
2018/5/25, 142, 66, 55, 23, 5, 12
2018/5/26, 130, 26, 43, 13, 2, 12
2018/5/27, 66, 183, 61, 15, 3, 8
2018/5/28, 165, 113, 41, 39, 5, 7
2018/5/29, 146, 145, 58, 49, 11, 12
2018/5/30, 158, 83, 36, 35, 6, 13
2018/5/31, 146, 50, 46, 28, 3, 10
2018/6/1, 103, 73, 85, 35, 5, 15
2018/6/2, 144, 52, 85, 40, 4, 9
2018/6/3, 108, 62, 114, 37, 3, 9
2018/6/4, 133, 78, 69, 41, 4, 9
2018/6/5, 145, 73, 55, 36, 4, 10
2018/6/6, 158, 72, 109, 42, 4, 11
2018/6/7, 152, 61, 105, 35, 9, 13
2018/6/8, 117, 48, 36, 22, 5, 10
2018/6/9, 94, 48, 62, 15, 3, 9
2018/6/10, 95, 52, 106, 20, 2, 10
2018/6/11, 103, 66, 102, 45, 5, 9
2018/6/12, 117, 94, 99, 47, 6, 10
2018/6/13, 129, 54, 75, 19, 5, 8
2018/6/14, 110, 59, 109, 30, 10, 12
2018/6/15, 115, 81, 126, 38, 12, 12
2018/6/16, 136, 68, 141, 27, 8, 10
2018/6/17, 144, 70, 82, 20, 10, 10
2018/6/18, 152, , , , , 
2018/6/20, 107, 33, 36, 18, 2, 8
2018/6/21, 81, 57, 93, 23, 5, 10
2018/6/22, 122, 42, 43, 22, 4, 15
2018/6/23, 97, 48, 107, 24, 5, 12
2018/6/24, 102, 49, 72, 20, 4, 11
2018/6/25, 114, 40, 57, 17, 3, 9
2018/6/26, 76, 46, 46, 19, 3, 6
2018/6/27, 68, 49, 46, 15, 3, 6
2018/6/28, 67, 47, 40, 20, 4, 12
2018/6/29, 82, 56, 70, 27, 4, 10
2018/6/30, 119, 47, 26, 30, 4, 10
2018/7/1, 99, 46, 63, 20, 4, 11
2018/1/17, 201, 85, 27, 30, 9, 12
2018/1/18, 193, 90, 20, 31, 4, 13
2018/1/19, 210, 88, 11, 29, 4, 15
2018/1/20, 226, 117, 4, 37, 8, 26
2018/1/21, 255, 91, 6, 40, 6, 24
2018/1/22, 217, 75, 24, 34, 8, 17
2018/1/23, 178, 78, 14, 21, 4, 16
2018/1/24, 192, 35, 13, 15, 3, 11
2018/1/25, 148, 25, 21, 14, 2, 6
2018/1/26, 117, 32, 24, 14, 5, 7
2018/1/27, 122, 39, 32, 11, 2, 7
2018/1/28, 145, 46, 35, 10, 3, 6
2018/1/29, 153, 64, 39, 25, 5, 9
2018/1/30, 169, 70, 43, 45, 12, 15
2018/1/31, 166, 67, 39, 32, 7, 9
2018/2/1, 161, 110, 26, 50, 17, 19
2018/2/2, 175, 90, 30, 34, 8, 9
2018/2/3, 152, 69, 30, 20, 6, 7
2018/2/4, 96, 67, 29, 29, 11, 9
2018/2/5, 122, 86, 33, 38, 8, 10
2018/2/6, 149, 101, 38, 49, 11, 14
2018/2/7, 166, 111, 23, 54, 15, 15
2018/2/8, 179, 97, 44, 47, 11, 13
2018/2/9, 175, 108, 26, 60, 20, 20
2018/2/10, 179, 107, 38, 32, 9, 13
2018/2/11, 205, 124, 45, 48, 11, 13
2018/2/12, 194, 83, 38, 33, 13, 15
2018/2/13, 110, 92, 46, 37, 12, 11
2018/2/14, 157, 107, 26, 49, 15, 20
2018/2/15, 174, 83, 25, 18, 5, 10
2018/2/16, 176, 86, 31, 16, 5, 11
2018/2/17, 180, 70, 40, 15, 8, 16
2018/2/18, 172, 67, 30, 13, 3, 11
2018/2/19, 173, 33, 21, 13, 3, 8
2018/2/20, 122, 16, 18, 14, 2, 9
2018/2/21, 82, 53, 27, 13, 2, 10
2018/2/22, 150, 70, 39, 21, 3, 13
2018/2/23, 171, 61, 48, 24, 6, 13
2018/2/24, 152, 79, 28, 25, 11, 14
2018/2/25, 131, 89, 30, 24, 4, 11
2018/2/26, 170, 73, 47, 32, 8, 13
2018/2/27, 169, 41, 17, 31, 8, 13
2018/2/28, 120, 42, 42, 20, 2, 10
2018/3/1, 122, 62, 25, 28, 6, 15
2018/3/2, 157, 56, 25, 25, 6, 16
2018/3/3, 159, 67, 25, 30, 5, 17
2018/3/4, 167, 47, 12, 22, 7, 16
2018/3/5, 127, 34, 30, 14, 3, 10
2018/3/6, 96, 43, 26, 23, 5, 10
2018/3/7, 117, 24, 24, 17, 2, 6
2018/3/8, 99, 42, 31, 25, 3, 7
2018/3/9, 129, 77, 46, 31, 6, 9
2018/3/10, 164, 75, 46, 34, 11, 12
2018/3/11, 146, 83, 36, 45, 14, 12
2018/3/12, 139, 107, 52, 54, 9, 14
2018/3/13, 149, 101, 45, 56, 12, 15
2018/3/14, 165, 61, 37, 27, 7, 12
2018/3/15, 152, 65, 41, 25, 7, 12
2018/3/16, 145, 55, 26, 15, 3, 8
2018/3/17, 139, 53, 21, 22, 8, 13
2018/3/18, 167, 25, 19, 16, 1, 8
2018/3/19, 95, 35, 18, 16, 1, 9
2018/3/20, 146, 40, 40, 17, 1, 8
2018/3/21, 127, 67, 33, 34, 4, 8
2018/3/22, 130, 97, 33, 47, 4, 12
2018/3/23, 160, 91, 51, 45, 10, 14
2018/3/24, 154, 92, 36, 37, 13, 11
2018/3/25, 151, 76, 42, 34, 9, 13
2018/3/26, 143, 85, 59, 37, 4, 14
2018/3/27, 150, 84, 59, 45, 4, 9
2018/3/28, 140, 95, 69, 48, 9, 14
2018/3/29, 153, 101, 39, 57, 15, 17
2018/3/30, 157, 104, 83, 36, 8, 18
2018/3/31, 175, 106, 71, 46, 6, 13
2018/4/1, 227, 136, 68, 67, 8, 19
2017/10/2, 130, 23, 22, 12, 3, 11
2017/10/3, 151, 16, 26, 14, 3, 10
2017/10/4, 53, 13, 20, 10, 3, 8
2017/10/5, 52, 17, 12, 15, 2, 11
2017/10/6, 49, , , , , 
2017/11/3, 173, 116, 3, 71, 8, 19
2017/11/4, 189, , , , , 
2017/7/2, 52, 32, 35, 16, 2, 8
2017/7/3, 72, 61, 80, 19, 3, 12
2017/7/4, 124, 51, 42, 18, 3, 10
2017/7/5, 91, 48, 34, 18, 2, 9
2017/7/6, 79, 49, 39, 20, 4, 12
2017/7/7, 74, 47, 36, 23, 2, 7
2017/7/8, 66, 48, 30, 18, 2, 8
2017/7/9, 76, 38, 17, 17, 2, 7
2017/7/10, 70, 31, 45, 21, 2, 7
2017/7/11, 63, 36, 36, 15, 2, 7
2017/7/12, 60, 35, 25, 11, 2, 6
2017/7/13, 47, 49, 40, 18, 3, 7
2017/7/14, 79, 47, 40, 21, 2, 8
2017/7/15, 76, 73, 16, 29, 3, 8
2017/7/16, 90, , , , , 
2017/7/19, 96, 49, 24, 16, 3, 6
2017/7/20, 67, 43, 37, 9, 2, 5
2017/7/21, 64, 49, 40, 16, 3, 5
2017/7/22, 63, 77, 38, 29, 3, 6
2017/7/23, 95, , , , , 
2017/7/26, 142, 87, 89, 37, 3, 9
2017/7/27, 131, 93, 99, 31, 4, 9
2017/7/28, 151, 96, 78, 31, 4, 14
2017/7/29, 156, , , , , 
2017/8/1, 71, 24, 27, 14, 2, 10
2017/8/2, 65, 22, 26, 18, 2, 10
2017/8/3, 64, 94, 82, 37, 3, 10
2017/8/4, 107, 70, 45, 35, 3, 12
2017/8/5, 125, 83, 76, 36, 3, 13
2017/8/6, 135, 69, 25, 29, 2, 9
2017/8/7, 109, , , , , 
2017/8/11, 84, 71, 47, 24, 6, 11
2017/8/12, 116, 31, 22, 15, 3, 7
2017/8/13, 67, 30, 33, 20, 3, 10
2017/8/14, 96, 54, 44, 22, 3, 10
2017/8/15, 103, 66, 84, 29, 4, 14
2017/8/16, 145, 71, 77, 34, 3, 12
2017/8/17, 144, 45, 37, 16, 4, 9
2017/8/18, 75, 61, 5, 22, 10, 17
2017/8/19, 97, , , , , 
2017/8/22, 128, 61, 63, 22, 6, 13
2017/8/23, 106, 67, 69, 23, 13, 12
2017/8/24, 117, 61, 75, 22, 11, 12
2017/8/25, 97, 51, 46, 26, 6, 19
2017/8/26, 88, , , , , 
2017/8/29, 78, 53, 37, 10, 3, 12
2017/8/30, 108, , , , , 
2017/9/1, 73, 41, 21, 19, 5, 10
2017/9/2, 72, , , , , 
2017/9/16, 94, 75, 48, 32, 11, 17
2017/9/17, 108, , , , , 
2017/9/19, 158, 57, 37, 27, 5, 12
2017/9/20, 143, 46, 29, 21, 5, 14
2017/9/21, 97, 78, , 36, , 
2017/9/26, 141, 55, 22, 22, 5, 16
2017/9/27, 104, 31, 29, 14, 3, 14
2017/9/28, 69, 32, 39, 15, 2, 11
2017/9/29, 72, 45, 31, 28, 6, 13
2017/9/30, 97, 55, 21, 28, 6, 15
2017/10/1, 108, 69, 50, 25, 5, 13
2017/4/2, 164, 84, 79, 48, 10, 12
2017/4/3, 156, 94, 43, 46, 21, 14
2017/4/4, 160, 92, 28, 46, 17, 14
2017/4/5, 161, 83, 21, 38, 6, 17
2017/4/6, 171, 50, 25, 25, 4, 14
2017/4/7, 131, 75, 40, 32, 4, 18
2017/4/8, 156, 67, 51, 32, 6, 20
2017/4/9, 147, 13, 44, 13, 3, 13
2017/4/10, 64, 17, 35, 15, 2, 10
2017/4/11, 58, 54, 50, 23, 5, 13
2017/4/12, 144, 80, 55, 41, 6, 16
2017/4/13, 157, 94, 62, 48, 5, 16
2017/4/14, 158, 89, 60, 43, 7, 13
2017/4/15, 145, 99, 68, 47, 10, 15
2017/4/16, 155, 92, 28, 37, 6, 18
2017/4/17, 161, 58, 39, 20, 4, 10
2017/4/18, 90, 95, 45, 36, 6, 13
2017/4/19, 113, 125, 28, 41, 7, 18
2017/4/20, 156, 73, 33, 23, 4, 11
2017/4/21, 117, 89, 28, 28, 6, 10
2017/4/22, 122, 98, 59, 36, 7, 10
2017/4/23, 126, 116, 67, 45, 6, 10
2017/4/24, 135, 97, 72, 45, 11, 11
2017/4/25, 144, 86, 41, 37, 7, 11
2017/4/26, 144, 67, 52, 16, 4, 10
2017/4/27, 152, 66, 82, 24, 6, 8
2017/4/28, 128, 92, 86, 48, 7, 9
2017/4/29, 142, 87, 73, 53, 7, 9
2017/4/30, 127, 98, 87, 50, 10, 10
2017/5/1, 145, 92, 38, 48, 8, 15
2017/5/2, 159, 75, 70, 37, 7, 14
2017/5/3, 144, 53, 39, 18, 5, 11
2017/5/4, 142, 34, 45, 16, 4, 9
2017/5/5, 77, 83, 65, 31, 5, 10
2017/5/6, 118, 582, 46, 28, 10, 13
2017/5/7, 234, 254, 21, 39, 6, 18
2017/5/8, 187, 58, 43, 21, 4, 10
2017/5/9, 119, 73, 48, 32, 4, 10
2017/5/10, 113, 100, 75, 46, 6, 13
2017/5/11, 141, 105, 36, 49, 8, 34
2017/5/12, 151, 55, 69, 23, 3, 8
2017/5/13, 93, 86, 80, 40, 4, 13
2017/5/14, 110, 150, 98, 42, 9, 16
2017/5/15, 162, 76, 51, 25, 4, 13
2017/5/16, 138, 77, 64, 21, 3, 9
2017/5/17, 141, 90, 101, 40, 5, 10
2017/5/18, 148, 112, 102, 46, 8, 13
2017/5/19, 160, 102, 48, 35, 8, 13
2017/5/20, 167, 105, 104, 37, 7, 14
2017/5/21, 171, 98, 86, 38, 5, 13
2017/5/22, 157, 57, 57, 24, 2, 11
2017/5/23, 128, 30, 31, 15, 2, 10
2017/5/24, 74, 50, 68, 14, 3, 9
2017/5/25, 99, 74, 89, 42, 8, 14
2017/5/26, 122, 89, 106, 46, 6, 13
2017/5/27, 178, 104, 113, 46, 7, 12
2017/5/28, 139, 137, 103, 47, 6, 14
2017/5/29, 137, 107, 98, 44, 9, 13
2017/5/30, 141, 109, 82, 65, 6, 13
2017/5/31, 155, 95, 64, 44, 4, 12
2017/6/1, 157, 68, 52, 29, 3, 11
2017/6/2, 116, 86, 103, 38, 3, 18
2017/6/3, 161, 97, 101, 32, 3, 13
2017/6/4, 158, 84, 69, 17, 4, 12
2017/6/5, 145, 45, 46, 18, 2, 11
2017/6/6, 113, 26, 60, 12, 2, 8
2017/6/7, 75, 56, 108, 38, 3, 11
2017/6/8, 104, 74, 87, 33, 6, 13
2017/6/9, 135, 56, 20, 27, 4, 16
2017/6/10, 112, 45, 35, 18, 2, 15
2017/6/11, 108, 46, 32, 24, 2, 14
2017/6/12, 91, 45, 21, 32, 2, 14
2017/6/13, 100, 38, 28, 23, 1, 15
2017/6/14, 96, 60, 41, 29, 3, 14
2017/6/15, 112, 65, 37, 32, 2, 11
2017/6/16, 146, 72, 92, 31, 6, 14
2017/6/17, 136, 70, 97, 40, 3, 10
2017/6/18, 140, 66, 66, 27, 5, 10
2017/6/19, 127, 66, 52, 31, 5, 10
2017/6/20, 115, 78, 93, 40, 4, 12
2017/6/21, 152, 84, 29, 41, 3, 10
2017/6/22, 158, , , , , 
2017/6/25, 126, 74, 57, 37, 2, 11
2017/6/26, 135, 63, 43, 34, 2, 10
2017/6/27, 130, 48, 76, 18, 2, 9
2017/6/28, 95, 54, 69, 22, 2, 10
2017/6/29, 97, 60, 72, 21, 4, 10
2017/6/30, 104, 28, 30, 18, 2, 8
2017/7/1, 72, 20, 21, 15, 2, 8
2017/1/3, 197, 141, 27, 57, 14, 22
2017/1/4, 230, 162, 9, 52, 10, 26
2017/1/5, 273, 33, 13, 24, 3, 17
2017/1/6, 107, 18, 21, 21, 2, 8
2017/1/7, 76, 34, 14, 21, 3, 10
2017/1/8, 108, 68, 26, 28, 6, 13
2017/1/9, 155, 94, 29, 39, 14, 21
2017/1/10, 186, 72, 32, 30, 7, 14
2017/1/11, 173, 82, 18, 29, 8, 16
2017/1/12, 186, 77, 27, 33, 6, 15
2017/1/13, 180, 95, 16, 45, 6, 19
2017/1/14, 181, 83, 30, 37, 17, 23
2017/1/15, 163, 65, 22, 30, 10, 13
2017/1/16, 138, 79, 32, 37, 11, 18
2017/1/17, 198, 81, 24, 35, 8, 11
2017/1/18, 161, 80, 15, 32, 7, 12
2017/1/19, 174, 94, 40, 24, 7, 10
2017/1/20, 187, 107, 37, 28, 9, 10
2017/1/21, 154, 98, 32, 41, 12, 17
2017/1/22, 160, 135, 35, 52, 11, 20
2017/1/23, 205, 106, 36, 46, 15, 16
2017/1/24, 183, 80, 38, 39, 15, 14
2017/1/25, 165, 75, 36, 32, 7, 14
2017/1/26, 170, 69, 41, 34, 7, 13
2017/1/27, 167, 161, 32, 29, 10, 16
2017/1/28, 207, 131, 31, 27, 14, 20
2017/1/29, 222, 100, 25, 12, 7, 16
2017/1/30, 193, 89, 33, 11, 7, 17
2017/1/31, 188, 67, 25, 19, 9, 19
2017/2/1, 163, 48, 22, 12, 3, 13
2017/2/2, 157, 54, 21, 20, 3, 15
2017/2/3, 160, 52, 14, 21, 3, 16
2017/2/4, 160, 47, 13, 19, 5, 16
2017/2/5, 148, 63, 19, 24, 5, 17
2017/2/6, 161, 84, 28, 30, 7, 19
2017/2/7, 174, 50, 28, 22, 6, 13
2017/2/8, 149, 39, 33, 14, 3, 9
2017/2/9, 132, 71, 37, 23, 7, 13
2017/2/10, 173, 73, 42, 36, 11, 15
2017/2/11, 161, 79, 37, 40, 15, 16
2017/2/12, 157, 102, 47, 50, 10, 17
2017/2/13, 176, 95, 44, 55, 19, 19
2017/2/14, 171, 87, 44, 47, 12, 16
2017/2/15, 155, 123, 42, 67, 17, 20
2017/2/16, 176, 115, 63, 51, 14, 15
2017/2/17, 174, 158, 24, 22, 8, 16
2017/2/18, 262, 99, 21, 36, 11, 18
2017/2/19, 185, 130, 32, 41, 9, 18
2017/2/20, 208, 119, 25, 28, 9, 18
2017/2/21, 197, 48, 19, 23, 8, 18
2017/2/22, 100, 50, 25, 21, 5, 12
2017/2/23, 156, 66, 33, 34, 11, 13
2017/2/24, 162, 76, 41, 41, 9, 11
2017/2/25, 158, 81, 48, 47, 11, 12
2017/2/26, 162, 98, 53, 55, 10, 13
2017/2/27, 164, 113, 52, 58, 20, 16
2017/2/28, 168, 100, 50, 54, 17, 16
2017/3/1, 168, 109, 44, 35, 8, 12
2017/3/2, 140, 91, 38, 34, 13, 12
2017/3/3, 112, 86, 39, 43, 21, 12
2017/3/4, 146, 98, 19, 49, 13, 17
2017/3/5, 167, 64, 32, 34, 6, 12
2017/3/6, 158, 157, 56, 42, 9, 21
2017/3/7, 297, 125, 61, 49, 10, 19
2017/3/8, 237, 96, 56, 47, 13, 13
2017/3/9, 173, 117, 61, 58, 19, 15
2017/3/10, 176, 77, 39, 39, 11, 12
2017/3/11, 156, 105, 26, 48, 11, 16
2017/3/12, 173, 67, 48, 33, 6, 16
2017/3/13, 161, 28, 42, 15, 4, 10
2017/3/14, 110, 63, 42, 26, 9, 14
2017/3/15, 121, 65, 30, 37, 10, 12
2017/3/16, 259, 72, 36, 39, 8, 15
2017/3/17, 164, 75, 25, 48, 7, 13
2017/3/18, 171, 74, 31, 40, 5, 14
2017/3/19, 178, 69, 19, 34, 5, 14
2017/3/20, 175, 45, 38, 22, 3, 9
2017/3/21, 131, 59, 31, 32, 5, 13
2017/3/22, 153, 45, 30, 35, 3, 12
2017/3/23, 126, 52, 25, 29, 5, 16
2017/3/24, 142, 37, 21, 22, 2, 8
2017/3/25, 121, 74, 36, 33, 5, 9
2017/3/26, 144, 106, 49, 43, 7, 10
2017/3/27, 124, 118, 60, 52, 9, 11
2017/3/28, 139, 99, 45, 42, 10, 11
2017/3/29, 142, 101, 41, 34, 12, 17
2017/3/30, 170, 73, 37, 25, 7, 20
2017/3/31, 166, 51, 53, 20, 5, 10
2017/4/1, 138, 79, 62, 42, 7, 21
2016/10/2, 134, 53, 17, 25, 5, 9
2016/10/3, 132, 91, 39, 38, 7, 18
2016/10/4, 169, 82, 59, 41, 10, 18
2016/10/5, 161, 79, 54, 36, 8, 13
2016/10/6, 144, 93, 59, 38, 8, 16
2016/10/7, 160, 84, 46, 25, 7, 15
2016/10/8, 156, 69, 55, 16, 5, 8
2016/10/9, 142, 66, 64, 22, 12, 16
2016/10/10, 123, 60, 43, 22, 11, 12
2016/10/11, 93, 68, 22, 23, 8, 10
2016/10/12, 126, 43, 21, 26, 5, 12
2016/10/13, 114, 50, 20, 24, 5, 8
2016/10/14, 128, 58, 19, 30, 4, 11
2016/10/15, 134, 78, 25, 32, 6, 12
2016/10/16, 149, 52, 26, 24, 5, 9
2016/10/17, 116, 73, 37, 40, 8, 14
2016/10/18, 144, 76, 50, 37, 8, 13
2016/10/19, 133, 98, 20, 37, 6, 18
2016/10/20, 178, 69, 7, 28, 4, 19
2016/10/21, 157, 31, 26, 19, 3, 13
2016/10/22, 76, 19, 14, 17, 3, 12
2016/10/23, 60, 24, 12, 16, 3, 12
2016/10/24, 70, 30, 6, 15, 3, 11
2016/10/25, 73, 26, 16, 21, 3, 12
2016/10/26, 73, 19, 6, 18, 3, 12
2016/10/27, 65, 37, 5, 19, 3, 15
2016/10/28, 95, 24, 25, 15, 3, 10
2016/10/29, 76, 20, 23, 17, 3, 9
2016/10/30, 74, 44, 20, 24, 4, 11
2016/10/31, 111, 32, 15, 21, 5, 10
2016/11/1, 95, 40, 16, 18, 4, 9
2016/11/2, 107, 52, 27, 23, 4, 9
2016/11/3, 119, 82, 30, 31, 5, 13
2016/11/4, 160, 94, 38, 39, 6, 21
2016/11/5, 164, 99, 35, 43, 14, 20
2016/11/6, 169, 105, 38, 40, 12, 20
2016/11/7, 176, 71, 37, 18, 4, 14
2016/11/8, 158, 50, 29, 15, 4, 9
2016/11/9, 142, 52, 27, 23, 5, 9
2016/11/10, 139, 57, 30, 28, 5, 9
2016/11/11, 148, 79, 27, 34, 11, 11
2016/11/12, 155, 92, 30, 39, 10, 14
2016/11/13, 155, 116, 21, 42, 13, 22
2016/11/14, 173, 142, 27, 53, 13, 24
2016/11/15, 184, 125, 29, 40, 8, 17
2016/11/16, 214, 87, 25, 32, 8, 17
2016/11/17, 180, 47, 8, 23, 5, 13
2016/11/18, 129, 55, 2, 24, 5, 16
2016/11/19, 124, 70, 13, 28, 5, 16
2016/11/20, 155, 78, 24, 28, 6, 18
2016/11/21, 165, 57, 5, 27, 4, 19
2016/11/22, 135, 15, 19, 14, 3, 8
2016/11/23, 56, 21, 22, 14, 3, 8
2016/11/24, 85, 68, 22, 31, 10, 16
2016/11/25, 144, 67, 15, 33, 8, 10
2016/11/26, 132, 69, 24, 28, 7, 8
2016/11/27, 152, 193, 17, 64, 11, 27
2016/11/28, 205, 130, 37, 51, 9, 23
2016/11/29, 177, 110, 22, 38, 10, 15
2016/11/30, 180, 98, 28, 32, 6, 11
2016/12/1, 179, 134, 13, 53, 9, 21
2016/12/2, 203, 136, 38, 54, 9, 21
2016/12/3, 202, 137, 27, 56, 13, 17
2016/12/4, 197, 101, 29, 33, 8, 14
2016/12/5, 192, 127, 39, 38, 13, 17
2016/12/6, 192, 100, 32, 34, 10, 17
2016/12/7, 176, 133, 27, 65, 9, 20
2016/12/8, 202, 140, 38, 68, 10, 19
2016/12/9, 210, 118, 46, 50, 19, 22
2016/12/10, 206, 70, 30, 25, 7, 12
2016/12/11, 163, 82, 19, 33, 8, 16
2016/12/12, 168, 83, 7, 31, 6, 13
2016/12/13, 178, 81, 11, 22, 4, 13
2016/12/14, 191, 54, 21, 18, 4, 12
2016/12/15, 151, 81, 28, 35, 10, 17
2016/12/16, 173, 100, 40, 42, 12, 14
2016/12/17, 189, 90, 21, 44, 18, 14
2016/12/18, 177, 95, 29, 48, 18, 15
2016/12/19, 175, 93, 10, 45, 10, 16
2016/12/20, 176, 87, 8, 28, 5, 16
2016/12/21, 206, 45, 21, 27, 3, 19
2016/12/22, 146, 80, 35, 40, 6, 18
2016/12/23, 167, 111, 20, 44, 7, 23
2016/12/24, 178, 78, 13, 36, 9, 19
2016/12/25, 165, 42, 4, 23, 3, 13
2016/12/26, 140, 42, 9, 23, 5, 12
2016/12/27, 209, 65, 32, 26, 10, 14
2016/12/28, 164, 89, 25, 35, 16, 19
2016/12/29, 177, 86, 27, 36, 14, 15
2016/12/30, 289, 107, 23, 38, 12, 20
2016/12/31, 195, 123, 26, 53, 17, 27
2017/1/1, 194, , , , , 
2016/7/2, 61, 22, 20, 20, 3, 7
2016/7/3, 50, 34, 38, 22, 2, 6
2016/7/4, 59, 24, 36, 17, 2, 8
2016/7/5, 51, 32, 28, 21, 2, 7
2016/7/6, 62, 34, 20, 18, 2, 11
2016/7/7, 58, 50, 94, 25, 2, 8
2016/7/8, 93, 68, 100, 30, 3, 10
2016/7/9, 122, 62, 85, 21, 7, 9
2016/7/10, 94, 59, 61, 22, 4, 9
2016/7/11, 98, 62, 56, 25, 3, 10
2016/7/12, 109, 82, 123, 38, 3, 9
2016/7/13, 130, 73, 59, 33, 3, 11
2016/7/14, 114, 62, 71, 23, 3, 10
2016/7/15, 124, 28, 30, 17, 2, 7
2016/7/16, 64, 58, 114, 30, 4, 12
2016/7/17, 99, 72, 49, 25, 5, 10
2016/7/18, 116, 56, 55, 16, 4, 7
2016/7/19, 89, 52, 22, 17, 2, 8
2016/7/20, 88, 46, 29, 15, 1, 6
2016/7/21, 73, 46, 40, 17, 2, 6
2016/7/22, 73, 53, 51, 20, 2, 5
2016/7/23, 71, 58, 59, 25, 2, 5
2016/7/24, 81, 67, 53, 26, 2, 5
2016/7/25, 76, 81, 73, 31, 2, 7
2016/7/26, 96, 89, 79, 57, 2, 7
2016/7/27, 134, 85, 96, 35, 3, 10
2016/7/28, 121, 80, 97, 28, 4, 6
2016/7/29, 130, 71, 83, 25, 4, 5
2016/7/30, 98, 74, 75, 29, 8, 5
2016/7/31, 89, 127, 118, 36, 8, 15
2016/8/1, 131, 87, 120, 30, 7, 13
2016/8/2, 121, 65, 70, 26, 8, 15
2016/8/3, 95, 58, 45, 23, 4, 19
2016/8/4, 92, 51, 33, 23, 2, 10
2016/8/5, 76, 64, 61, 23, 3, 9
2016/8/6, 107, 61, 38, 30, 2, 8
2016/8/7, 99, 61, 52, 28, 4, 13
2016/8/8, 109, 54, 38, 20, 3, 12
2016/8/9, 93, 60, 58, 19, 3, 9
2016/8/10, 112, 61, 56, 23, 4, 9
2016/8/11, 101, 69, 85, 23, 4, 12
2016/8/12, 106, 76, 93, 22, 4, 10
2016/8/13, 105, 70, 74, 24, 4, 8
2016/8/14, 101, 65, 83, 23, 4, 10
2016/8/15, 97, 71, 91, 24, 6, 14
2016/8/16, 104, 84, 88, 26, 12, 17
2016/8/17, 151, 91, 120, 21, 6, 17
2016/8/18, 157, 87, 113, 27, 9, 12
2016/8/19, 147, 85, 80, 38, 7, 9
2016/8/20, 132, 93, 74, 25, 4, 13
2016/8/21, 150, 63, 64, 9, 2, 10
2016/8/22, 135, 76, 84, 18, 3, 11
2016/8/23, 151, 82, 101, 30, 4, 14
2016/8/24, 153, 105, 114, 39, 5, 15
2016/8/25, 160, 91, 97, 35, 6, 15
2016/8/26, 154, 26, 31, 11, 2, 7
2016/8/27, 58, 54, 77, 17, 6, 6
2016/8/28, 86, 61, 84, 30, 9, 8
2016/8/29, 93, 81, 121, 43, 22, 20
2016/8/30, 113, 90, 102, 29, 12, 10
2016/8/31, 142, 88, 81, 27, 7, 8
2016/9/1, 136, 92, 74, 26, 8, 9
2016/9/2, 154, 102, 153, 43, 8, 13
2016/9/3, 146, 116, 111, 54, 12, 15
2016/9/4, 161, 104, 90, 49, 17, 15
2016/9/5, 151, 101, 110, 50, 14, 14
2016/9/6, 143, 77, 51, 31, 8, 8
2016/9/7, 109, 90, 93, 46, 15, 7
2016/9/8, 151, 114, 112, 46, 8, 11
2016/9/9, 157, 106, 74, 39, 9, 11
2016/9/10, 164, 78, 84, 27, 6, 10
2016/9/11, 139, 100, 119, 32, 7, 9
2016/9/12, 149, 88, 105, 28, 13, 11
2016/9/13, 151, 82, 95, 32, 15, 12
2016/9/14, 141, 88, 123, 38, 15, 22
2016/9/15, 141, 57, 75, 16, 5, 9
2016/9/16, 95, 36, 32, 10, 3, 7
2016/9/17, 59, 40, 58, 14, 4, 7
2016/9/18, 60, 64, 89, 23, 9, 13
2016/9/19, 101, 77, 75, 23, 9, 14
2016/9/20, 128, 75, 92, 15, 7, 9
2016/9/21, 114, 82, 107, 31, 10, 14
2016/9/22, 128, 150, 122, 50, 13, 19
2016/9/23, 166, 113, 119, 54, 13, 16
2016/9/24, 164, 131, 116, 52, 12, 15
2016/9/25, 167, 120, 89, 45, 15, 21
2016/9/26, 174, 114, 125, 31, 10, 20
2016/9/27, 178, 61, 60, 14, 5, 12
2016/9/28, 124, 65, 31, 9, 4, 8
2016/9/29, 84, 39, 55, 13, 4, 13
2016/9/30, 92, 36, 26, 21, 6, 7
2016/10/1, 93, 48, 15, 29, 5, 10
2016/4/2, 162, 93, 22, 38, 11, 15
2016/4/3, 169, 52, 29, 17, 2, 10
2016/4/4, 139, 66, 38, 25, 6, 13
2016/4/5, 140, 68, 16, 27, 11, 18
2016/4/6, 155, 19, 13, 20, 1, 10
2016/4/7, 77, 52, 42, 29, 6, 15
2016/4/8, 116, 102, 48, 59, 7, 20
2016/4/9, 171, 112, 32, 62, 9, 19
2016/4/10, 168, 115, 75, 62, 10, 20
2016/4/11, 174, 104, 92, 50, 11, 16
2016/4/12, 156, 86, 63, 42, 10, 12
2016/4/13, 167, 120, 99, 60, 7, 13
2016/4/14, 193, 113, 77, 46, 11, 11
2016/4/15, 165, 61, 68, 26, 9, 8
2016/4/16, 111, 43, 40, 20, 3, 8
2016/4/17, 99, 60, 30, 29, 7, 12
2016/4/18, 112, 67, 52, 32, 4, 7
2016/4/19, 123, 75, 52, 30, 8, 10
2016/4/20, 133, 45, 34, 21, 7, 10
2016/4/21, 126, 62, 71, 29, 3, 15
2016/4/22, 139, 89, 39, 40, 5, 11
2016/4/23, 149, 48, 41, 25, 2, 9
2016/4/24, 96, 52, 43, 24, 5, 11
2016/4/25, 99, 65, 52, 32, 7, 11
2016/4/26, 130, 63, 36, 30, 4, 11
2016/4/27, 141, 79, 73, 22, 3, 12
2016/4/28, 160, 71, 85, 37, 11, 15
2016/4/29, 121, 88, 88, 45, 8, 9
2016/4/30, 144, 89, 86, 43, 7, 8
2016/5/1, 140, 87, 59, 33, 5, 9
2016/5/2, 130, 71, 28, 22, 2, 8
2016/5/3, 129, 89, 66, 34, 5, 8
2016/5/4, 116, 113, 56, 46, 12, 11
2016/5/5, 141, 53, 39, 19, 2, 9
2016/5/6, 112, 84, 52, 30, 5, 14
2016/5/7, 156, 101, 48, 21, 4, 10
2016/5/8, 156, 79, 31, 15, 1, 8
2016/5/9, 131, 59, 26, 29, 2, 10
2016/5/10, 129, 65, 49, 25, 3, 9
2016/5/11, 147, 86, 80, 30, 12, 12
2016/5/12, 158, 108, 96, 24, 16, 12
2016/5/13, 164, 90, 61, 18, 10, 9
2016/5/14, 112, 99, 49, 36, 9, 17
2016/5/15, 178, 50, 37, 16, 3, 7
2016/5/16, 104, 90, 84, 36, 7, 8
2016/5/17, 143, 94, 81, 40, 13, 9
2016/5/18, 147, 103, 78, 43, 13, 10
2016/5/19, 163, 118, 65, 43, 14, 13
2016/5/20, 189, 56, 51, 22, 4, 14
2016/5/21, 163, 25, 37, 15, 3, 7
2016/5/22, 89, 39, 40, 18, 3, 6
2016/5/23, 95, 72, 39, 36, 3, 9
2016/5/24, 153, 80, 79, 41, 3, 8
2016/5/25, 167, 86, 58, 40, 3, 10
2016/5/26, 162, 49, 43, 25, 1, 8
2016/5/27, 140, 49, 37, 25, 2, 9
2016/5/28, 138, 33, 60, 17, 2, 8
2016/5/29, 80, 57, 84, 34, 2, 13
2016/5/30, 111, 83, 84, 43, 12, 14
2016/5/31, 144, 84, 42, 38, 8, 12
2016/6/1, 144, 42, 32, 19, 6, 10
2016/6/2, 91, 32, 63, 21, 10, 20
2016/6/3, 80, 53, 54, 21, 6, 11
2016/6/4, 105, 76, 91, 40, 4, 9
2016/6/5, 149, 91, 92, 43, 12, 12
2016/6/6, 148, 66, 101, 40, 14, 14
2016/6/7, 106, 71, 46, 29, 2, 14
2016/6/8, 124, 76, 76, 32, 3, 9
2016/6/9, 144, 80, 86, 34, 6, 11
2016/6/10, 140, 100, 99, 52, 6, 11
2016/6/11, 157, 84, 49, 37, 3, 13
2016/6/12, 156, 60, 68, 42, 2, 12
2016/6/13, 114, 84, 85, 36, 2, 8
2016/6/14, 142, 83, 81, 39, 4, 7
2016/6/15, 126, 89, 43, 38, 4, 9
2016/6/16, 119, 78, 98, 31, 5, 7
2016/6/17, 100, 75, 96, 32, 5, 6
2016/6/18, 97, 75, 43, 23, 5, 6
2016/6/19, 116, 40, 43, 18, 3, 6
2016/6/20, 81, 46, 28, 24, 2, 10
2016/6/21, 75, 60, 42, 29, 3, 8
2016/6/22, 98, 58, 47, 27, 5, 5
2016/6/23, 86, 69, 52, 27, 6, 6
2016/6/24, 78, 33, 35, 17, 6, 7
2016/6/25, 55, 26, 43, 22, 3, 9
2016/6/26, 64, 53, 35, 31, 4, 9
2016/6/27, 121, 39, 23, 29, 3, 8
2016/6/28, 86, 45, 29, 31, 3, 7
2016/6/29, 102, 57, 48, 32, 4, 10
2016/6/30, 103, 61, 33, 25, 3, 9
2016/7/1, 88, 30, 26, 18, 3, 6
2016/1/5, 330, 66, 67, 21, 10, 21
2016/1/6, 202, 78, 35, 19, 13, 14
2016/1/7, 181, 83, 59, 21, 12, 12
2016/1/8, 194, 126, 54, 34, 23, 26
2016/1/9, 231, 110, 33, 30, 18, 23
2016/1/10, 222, 80, 43, 26, 12, 18
2016/1/11, 195, 104, 27, 23, 11, 20
2016/1/12, 278, 52, 28, 17, 9, 12
2016/1/13, 179, 82, 60, 54, 27, 19
2016/1/14, 202, 124, 49, 40, 22, 15
2016/1/15, 215, 163, 72, 41, 24, 33
2016/1/16, 214, 167, 52, 46, 21, 22
2016/1/17, 221, 114, 74, 27, 16, 16
2016/1/18, 231, 158, 48, 26, 22, 21
2016/1/19, 294, 130, 34, 35, 20, 18
2016/1/20, 233, 94, 51, 30, 22, 13
2016/1/21, 201, 57, 49, 21, 15, 11
2016/1/22, 174, 47, 45, 18, 9, 8
2016/1/23, 162, 66, 63, 15, 18, 13
2016/1/24, 170, 95, 63, 14, 10, 10
2016/1/25, 107, 98, 62, 28, 13, 10
2016/1/26, 138, 113, 45, 43, 30, 13
2016/1/27, 168, 95, 70, 37, 29, 13
2016/1/28, 173, 76, 36, 29, 17, 12
2016/1/29, 178, 64, 59, 21, 14, 12
2016/1/30, 182, 59, 54, 21, 8, 12
2016/1/31, 172, 67, 41, 17, 11, 14
2016/2/1, 187, 79, 80, 19, 13, 16
2016/2/2, 189, 97, 73, 31, 18, 18
2016/2/3, 192, 98, 58, 44, 16, 19
2016/2/4, 184, 104, 69, 50, 21, 19
2016/2/5, 180, 82, 86, 32, 15, 13
2016/2/6, 182, 71, 74, 17, 17, 9
2016/2/7, 122, 86, 79, 26, 12, 12
2016/2/8, 152, 204, 75, 44, 26, 21
2016/2/9, 287, 106, 72, 42, 33, 23
2016/2/10, 196, 80, 50, 36, 26, 15
2016/2/11, 162, 74, 50, 31, 22, 16
2016/2/12, 160, 72, 55, 23, 15, 16
2016/2/13, 170, 51, 62, 13, 11, 14
2016/2/14, 147, 45, 64, 12, 14, 10
2016/2/15, 130, 46, 73, 18, 14, 8
2016/2/16, 108, 65, 75, 31, 17, 11
2016/2/17, 136, 88, 67, 50, 22, 19
2016/2/18, 173, 87, 56, 51, 16, 16
2016/2/19, 167, 115, 57, 38, 25, 17
2016/2/20, 171, 150, 77, 29, 18, 11
2016/2/21, 155, 141, 63, 30, 20, 15
2016/2/22, 164, 82, 70, 23, 16, 18
2016/2/23, 161, 140, 65, 22, 11, 17
2016/2/24, 225, 162, 72, 35, 17, 27
2016/2/25, 262, 129, 59, 43, 20, 18
2016/2/26, 213, 96, 59, 28, 13, 15
2016/2/27, 165, 85, 69, 31, 11, 14
2016/2/28, 148, 120, 78, 33, 22, 17
2016/2/29, 177, 96, 84, 37, 24, 21
2016/3/1, 256, 102, 83, 34, 25, 12
2016/3/2, 173, 125, 54, 56, 33, 26
2016/3/3, 179, 180, 43, 71, 36, 21
2016/3/4, 220, 108, 61, 36, 14, 16
2016/3/5, 184, 238, 69, 30, 20, 12
2016/3/6, 192, 166, 88, 37, 22, 15
2016/3/7, 220, 146, 54, 39, 25, 18
2016/3/8, 229, 34, 57, 13, 11, 12
2016/3/9, 135, 34, 45, 12, 9, 9
2016/3/10, 83, 48, 73, 18, 10, 9
2016/3/11, 116, 71, 71, 36, 14, 11
2016/3/12, 157, 89, 68, 38, 32, 12
2016/3/13, 160, 91, 67, 34, 15, 12
2016/3/14, 168, 100, 91, 36, 19, 16
2016/3/15, 190, 117, 58, 49, 20, 12
2016/3/16, 190, 135, 56, 59, 17, 16
2016/3/17, 190, 157, 9, 67, 18, 17
2016/3/18, 208, 122, 59, 42, 11, 12
2016/3/19, 213, 140, 76, 50, 17, 18
2016/3/20, 199, 93, 42, 34, 12, 18
2016/3/21, 179, 95, 62, 33, 13, 13
2016/3/22, 165, 120, 81, 53, 19, 15
2016/3/23, 172, 85, 54, 18, 7, 7
2016/3/24, 169, 64, 55, 18, 7, 8
2016/3/25, 119, 75, 45, 31, 14, 8
2016/3/26, 115, 83, 53, 39, 12, 9
2016/3/27, 156, 80, 60, 41, 8, 9
2016/3/28, 156, 90, 63, 42, 10, 9
2016/3/29, 146, 98, 24, 51, 14, 8
2016/3/30, 158, 73, 18, 32, 6, 11
2016/3/31, 172, 64, 56, 30, 6, 9
2016/4/1, 159, 83, 57, 35, 15, 11
2015/10/2, 119, 118, 94, 41, 21, 14
2015/10/3, 154, 130, 101, 50, 21, 18
2015/10/4, 178, 112, 100, 41, 22, 25
2015/10/5, 165, 84, 77, 34, 15, 28
2015/10/6, 175, 58, 49, 29, 11, 25
2015/10/7, 153, 27, 60, 18, 9, 21
2015/10/8, 102, 35, 68, 12, 12, 19
2015/10/9, 102, 64, 52, 23, 20, 17
2015/10/10, 139, 93, 71, 39, 14, 19
2015/10/11, 158, 117, 81, 46, 14, 16
2015/10/12, 173, 137, 92, 58, 23, 20
2015/10/13, 177, 125, 68, 59, 28, 20
2015/10/14, 174, 137, 59, 54, 41, 15
2015/10/15, 179, 150, 97, 66, 31, 18
2015/10/16, 194, 175, 109, 67, 27, 24
2015/10/17, 202, 130, 115, 57, 27, 18
2015/10/18, 185, 159, 123, 68, 28, 23
2015/10/19, 201, 117, 112, 55, 25, 18
2015/10/20, 170, 119, 102, 55, 24, 18
2015/10/21, 171, 143, 112, 59, 26, 17
2015/10/22, 177, 104, 109, 46, 22, 20
2015/10/23, 171, 132, 107, 40, 21, 20
2015/10/24, 195, 137, 107, 49, 25, 28
2015/10/25, 203, 122, 104, 43, 19, 17
2015/10/26, 190, 99, 39, 26, 17, 14
2015/10/27, 186, 57, 52, 21, 12, 9
2015/10/28, 103, 75, 38, 35, 22, 14
2015/10/29, 145, 34, 69, 21, 14, 11
2015/10/30, 100, 100, 59, 23, 15, 16
2015/10/31, 212, 62, 62, 21, 14, 12
2015/11/1, 148, 73, 81, 28, 18, 14
2015/11/2, 220, 82, 70, 42, 19, 16
2015/11/3, 161, 91, 93, 37, 27, 17
2015/11/4, 167, 93, 46, 39, 28, 19
2015/11/5, 177, 80, 62, 31, 20, 19
2015/11/6, 168, 68, 23, 27, 16, 15
2015/11/7, 150, 28, 51, 14, 11, 15
2015/11/8, 102, 51, 61, 18, 9, 16
2015/11/9, 150, 72, 66, 30, 20, 22
2015/11/10, 165, 77, 45, 27, 17, 19
2015/11/11, 184, 83, 100, 27, 21, 19
2015/11/12, 180, 53, 164, 24, 12, 13
2015/11/13, 157, 46, 52, 24, 5, 14
2015/11/14, 226, 68, 34, 33, 15, 19
2015/11/15, 158, 66, 18, 28, 14, 23
2015/11/16, 154, 48, 24, 20, 5, 19
2015/11/17, 158, 48, 22, 20, 23, 20
2015/11/18, 149, 40, 24, 19, 6, 24
2015/11/19, 225, 53, 97, 20, 10, 23
2015/11/20, 146, 68, 118, 25, 16, 24
2015/11/21, 152, 78, 13, 25, 15, 24
2015/11/22, 159, 64, 14, 20, 17, 24
2015/11/23, 151, 24, 12, 16, 15, 19
2015/11/24, 117, 72, 36, 14, 13, 19
2015/11/25, 103, 57, 58, 22, 16, 18
2015/11/26, 155, 63, 56, 29, 19, 14
2015/11/27, 215, 79, 33, 35, 24, 17
2015/11/28, 151, 108, 18, 39, 23, 22
2015/11/29, 178, 87, 24, 32, 15, 16
2015/11/30, 179, 104, 18, 31, 17, 19
2015/12/1, 185, 85, 65, 30, 19, 19
2015/12/2, 164, 124, 36, 31, 16, 17
2015/12/3, 159, 124, 50, 34, 19, 22
2015/12/4, 159, 74, 47, 28, 24, 16
2015/12/5, 124, 83, 21, 32, 22, 16
2015/12/6, 158, 74, 23, 33, 19, 17
2015/12/7, 167, 91, 30, 35, 23, 20
2015/12/8, 169, 92, 14, 36, 21, 19
2015/12/9, 174, 82, 32, 30, 19, 16
2015/12/10, 168, 116, 41, 28, 15, 17
2015/12/11, 229, 156, 52, 26, 18, 21
2015/12/12, 326, 179, 21, 30, 18, 32
2015/12/13, 351, 82, 36, 24, 13, 15
2015/12/14, 192, 102, 48, 31, 16, 17
2015/12/15, 196, 67, 51, 27, 15, 13
2015/12/16, 152, 60, 52, 20, 12, 12
2015/12/17, 112, 89, 55, 34, 19, 18
2015/12/18, 149, 104, 49, 38, 24, 20
2015/12/19, 177, 144, 43, 43, 37, 24
2015/12/20, 203, 77, 46, 33, 20, 18
2015/12/21, 189, 68, 34, 25, 19, 14
2015/12/22, 174, 79, 43, 23, 14, 18
2015/12/23, 192, 110, 49, 25, 13, 18
2015/12/24, 244, 144, 33, 30, 13, 16
2015/12/25, 243, 237, 46, 49, 34, 26
2015/12/26, 388, 144, 29, 58, 28, 19
2015/12/27, 227, 132, 12, 42, 13, 21
2015/12/28, 227, 89, 12, 20, 8, 13
2015/12/29, 183, 114, 16, 36, 13, 14
2015/12/30, 199, 141, 55, 52, 23, 21
2015/12/31, 238, 119, 49, 44, 26, 17
2016/1/1, 205, , , , , 
2015/7/2, 111, 90, 128, 47, 12, 14
2015/7/3, 180, 89, 64, 31, 11, 14
2015/7/4, 153, 67, 73, 51, 11, 12
2015/7/5, 134, 66, 72, 27, 8, 8
2015/7/6, 130, 52, 44, 19, 9, 9
2015/7/7, 117, 51, 59, 19, 12, 11
2015/7/8, 93, 80, 97, 32, 11, 11
2015/7/9, 151, 73, 44, 21, 12, 15
2015/7/10, 140, 48, 65, 13, 11, 13
2015/7/11, 96, 57, 55, 14, 9, 11
2015/7/12, 109, 75, 78, 32, 8, 10
2015/7/13, 132, 112, 137, 43, 10, 11
2015/7/14, 159, 118, 117, 50, 18, 15
2015/7/15, 173, 87, 66, 36, 14, 18
2015/7/16, 180, 25, 60, 18, 15, 10
2015/7/17, 101, 43, 46, 17, 11, 9
2015/7/18, 127, 71, 81, 26, 8, 9
2015/7/19, 158, 93, 85, 38, 13, 14
2015/7/20, 162, 77, 89, 33, 11, 14
2015/7/21, 143, 83, 135, 32, 14, 15
2015/7/22, 149, 90, 101, 40, 15, 14
2015/7/23, 154, 42, 43, 32, 8, 17
2015/7/24, 122, 51, 106, 33, 4, 9
2015/7/25, 116, 68, 112, 26, 11, 12
2015/7/26, 153, 54, 49, 23, 13, 9
2015/7/27, 122, 46, 37, 20, 10, 8
2015/7/28, 95, 53, 48, 22, 11, 8
2015/7/29, 100, 60, 52, 22, 12, 7
2015/7/30, 114, 61, 46, 17, 8, 6
2015/7/31, 106, 73, 51, 21, 10, 7
2015/8/1, 90, 65, 47, 21, 13, 6
2015/8/2, 91, 68, 60, 22, 12, 8
2015/8/3, 103, 72, 53, 23, 17, 7
2015/8/4, 121, 63, 44, 18, 14, 7
2015/8/5, 112, 68, 47, 24, 10, 6
2015/8/6, 116, 52, 83, 19, 7, 8
2015/8/7, 112, 60, 61, 24, 8, 9
2015/8/8, 107, 63, 55, 13, 9, 8
2015/8/9, 125, 47, 31, 9, 4, 6
2015/8/10, 97, 22, 20, 8, 3, 7
2015/8/11, 74, 30, 34, 10, 4, 7
2015/8/12, 78, 55, 62, 21, 10, 10
2015/8/13, 99, 64, 165, 25, 11, 10
2015/8/14, 115, 84, 91, 30, 18, 12
2015/8/15, 161, 87, 39, 32, 12, 14
2015/8/16, 152, 69, 99, 30, 6, 10
2015/8/17, 143, 94, 107, 39, 11, 14
2015/8/18, 160, 90, 81, 28, 12, 10
2015/8/19, 162, 50, 32, 22, 11, 15
2015/8/20, 116, 46, 52, 14, 6, 5
2015/8/21, 94, 64, 88, 30, 8, 9
2015/8/22, 122, 85, 103, 36, 11, 13
2015/8/23, 151, 110, 91, 36, 15, 16
2015/8/24, 161, 83, 88, 14, 8, 9
2015/8/25, 158, 86, 84, 20, 8, 9
2015/8/26, 159, 95, 112, 44, 12, 13
2015/8/27, 162, 137, 132, 48, 13, 13
2015/8/28, 173, 104, 103, 42, 15, 14
2015/8/29, 165, 103, 134, 32, 16, 14
2015/8/30, 172, 113, 109, 46, 16, 14
2015/8/31, 167, 110, 105, 42, 16, 16
2015/9/1, 168, 84, 77, 28, 9, 9
2015/9/2, 158, 64, 99, 15, 15, 9
2015/9/3, 140, 78, 105, 27, 18, 15
2015/9/4, 147, 85, 62, 29, 14, 10
2015/9/5, 143, 56, 77, 24, 15, 10
2015/9/6, 119, 99, 73, 30, 19, 18
2015/9/7, 148, 79, 93, 12, 12, 17
2015/9/8, 170, 75, 109, 28, 20, 19
2015/9/9, 141, 86, 118, 33, 18, 16
2015/9/10, 141, 80, 195, 31, 18, 19
2015/9/11, 146, 84, 50, 31, 16, 15
2015/9/12, 146, 63, 64, 15, 9, 11
2015/9/13, 152, 68, 74, 28, 21, 15
2015/9/14, 118, 95, 97, 33, 21, 13
2015/9/15, 140, 96, 113, 35, 22, 16
2015/9/16, 162, 86, 104, 36, 18, 16
2015/9/17, 154, 102, 79, 35, 32, 13
2015/9/18, 151, 67, 61, 34, 17, 13
2015/9/19, 147, 64, 85, 31, 17, 15
2015/9/20, 136, 98, 120, 42, 20, 14
2015/9/21, 165, 103, 117, 46, 22, 14
2015/9/22, 168, 87, 57, 37, 19, 14
2015/9/23, 161, 74, 108, 29, 23, 15
2015/9/24, 159, 83, 42, 30, 13, 16
2015/9/25, 170, 55, 43, 20, 10, 10
2015/9/26, 127, 84, 91, 37, 16, 18
2015/9/27, 158, 98, 109, 43, 17, 16
2015/9/28, 160, 91, 119, 39, 26, 17
2015/9/29, 164, 66, 77, 21, 21, 16
2015/9/30, 125, 35, 65, 13, 12, 8
2015/10/1, 94, 65, 69, 17, 14, 11
2015/4/2, 164, 46, 43, 26, 32, 24
2015/4/3, 96, 94, 30, 39, 50, 30
2015/4/4, 140, 50, 25, 24, 30, 27
2015/4/5, 141, 48, 57, 19, 8, 15
2015/4/6, 143, 58, 63, 20, 9, 18
2015/4/7, 161, 65, 55, 15, 9, 25
2015/4/8, 146, 56, 45, 27, 10, 12
2015/4/9, 136, 75, 62, 38, 19, 13
2015/4/10, 154, 103, 73, 40, 16, 20
2015/4/11, 200, 155, 91, 62, 25, 24
2015/4/12, 188, 127, 65, 36, 14, 12
2015/4/13, 136, 97, 71, 29, 12, 8
2015/4/14, 104, 103, 82, 38, 19, 10
2015/4/15, 141, 119, 37, 55, 29, 18
2015/4/16, 164, 112, 66, 38, 21, 32
2015/4/17, 171, 134, 63, 42, 43, 47
2015/4/18, 168, 114, 37, 46, 26, 26
2015/4/19, 170, 48, 51, 21, 13, 18
2015/4/20, 128, 43, 43, 18, 12, 14
2015/4/21, 123, 89, 73, 48, 18, 18
2015/4/22, 156, 102, 89, 60, 19, 18
2015/4/23, 157, 194, 92, 81, 24, 25
2015/4/24, 181, 129, 49, 64, 21, 28
2015/4/25, 170, 167, 106, 64, 23, 27
2015/4/26, 199, 158, 101, 62, 23, 23
2015/4/27, 171, 145, 92, 42, 19, 26
2015/4/28, 169, 81, 56, 28, 20, 16
2015/4/29, 153, 105, 107, 24, 17, 17
2015/4/30, 170, 110, 117, 42, 24, 17
2015/5/1, 158, 91, 70, 39, 22, 16
2015/5/2, 163, 46, 60, 19, 14, 11
2015/5/3, 104, 75, 97, 29, 21, 15
2015/5/4, 154, 84, 63, 33, 23, 13
2015/5/5, 160, 101, 103, 41, 20, 16
2015/5/6, 194, 121, 133, 48, 17, 12
2015/5/7, 179, 108, 84, 39, 22, 13
2015/5/8, 174, 78, 51, 26, 17, 12
2015/5/9, 159, 84, 92, 40, 14, 15
2015/5/10, 157, 103, 89, 38, 22, 14
2015/5/11, 169, 91, 45, 24, 15, 7
2015/5/12, 128, 108, 67, 24, 11, 7
2015/5/13, 127, 102, 52, 33, 19, 14
2015/5/14, 139, 71, 39, 27, 15, 21
2015/5/15, 114, 67, 48, 24, 9, 13
2015/5/16, 134, 93, 99, 28, 11, 14
2015/5/17, 163, 82, 72, 33, 17, 18
2015/5/18, 156, 100, 52, 41, 9, 17
2015/5/19, 177, 139, 151, 57, 14, 18
2015/5/20, 198, 125, 90, 48, 13, 19
2015/5/21, 179, 87, 115, 40, 23, 15
2015/5/22, 134, 90, 110, 33, 20, 17
2015/5/23, 140, 100, 59, 34, 15, 13
2015/5/24, 169, 133, 138, 58, 20, 18
2015/5/25, 199, 189, 102, 74, 26, 29
2015/5/26, 216, 98, 95, 41, 23, 22
2015/5/27, 193, 87, 38, 31, 11, 14
2015/5/28, 172, 96, 72, 37, 15, 26
2015/5/29, 170, 49, 35, 22, 13, 13
2015/5/30, 126, 82, 83, 30, 11, 12
2015/5/31, 151, 124, 126, 49, 20, 15
2015/6/1, 185, 110, 85, 39, 28, 14
2015/6/2, 175, 54, 46, 20, 14, 12
2015/6/3, 129, 68, 45, 30, 13, 10
2015/6/4, 135, 69, 47, 28, 16, 10
2015/6/5, 149, 63, 66, 28, 15, 8
2015/6/6, 125, 94, 90, 43, 22, 11
2015/6/7, 144, 64, 53, 37, 22, 17
2015/6/8, 127, 49, 43, 28, 15, 8
2015/6/9, 97, 90, 80, 45, 20, 10
2015/6/10, 164, 82, 64, 39, 21, 11
2015/6/11, 140, 113, 62, 37, 18, 9
2015/6/12, 141, 152, 94, 54, 23, 10
2015/6/13, 153, 142, 58, 59, 25, 13
2015/6/14, 158, 73, 38, 30, 28, 12
2015/6/15, 134, 52, 31, 22, 20, 8
2015/6/16, 107, 96, 52, 31, 19, 12
2015/6/17, 153, 28, 26, 23, 17, 11
2015/6/18, 111, 57, 84, 26, 18, 12
2015/6/19, 130, 90, 114, 47, 12, 17
2015/6/20, 156, 93, 94, 37, 22, 13
2015/6/21, 166, 72, 87, 28, 13, 23
2015/6/22, 165, 61, 89, 28, 13, 15
2015/6/23, 149, 73, 110, 25, 22, 15
2015/6/24, 156, 57, 61, 29, 23, 10
2015/6/25, 128, 63, 59, 22, 11, 10
2015/6/26, 118, 75, 118, 33, 14, 19
2015/6/27, 128, 62, 58, 24, 11, 10
2015/6/28, 121, 68, 90, 37, 19, 17
2015/6/29, 119, 83, 77, 30, 14, 13
2015/6/30, 147, 47, 28, 16, 9, 9
2015/7/1, 110, 48, 109, 24, 9, 7
2015/1/2, 156, 127, 24, 46, 43, 19
2015/1/3, 178, 181, 37, 52, 34, 24
2015/1/4, 222, 160, 36, 68, 52, 27
2015/1/5, 224, 153, 22, 56, 40, 22
2015/1/6, 247, 140, 19, 36, 39, 25
2015/1/7, 324, 125, 38, 43, 21, 23
2015/1/8, 212, 154, 39, 67, 27, 23
2015/1/9, 243, 167, 28, 69, 31, 29
2015/1/10, 285, 222, 41, 78, 34, 41
2015/1/11, 309, 219, 36, 77, 35, 34
2015/1/12, 302, 131, 43, 54, 29, 24
2015/1/13, 234, 94, 32, 37, 21, 22
2015/1/14, 187, 80, 32, 36, 13, 13
2015/1/15, 191, 114, 22, 49, 21, 22
2015/1/16, 203, 112, 38, 46, 18, 19
2015/1/17, 201, 121, 57, 48, 35, 22
2015/1/18, 211, 129, 51, 45, 25, 14
2015/1/19, 200, 126, 51, 55, 35, 20
2015/1/20, 215, 143, 29, 59, 34, 20
2015/1/21, 193, 203, 45, 47, 30, 35
2015/1/22, 214, 110, 43, 41, 48, 33
2015/1/23, 186, 102, 31, 48, 46, 21
2015/1/24, 173, 211, 35, 55, 36, 33
2015/1/25, 193, 160, 30, 36, 20, 36
2015/1/26, 312, 138, 24, 36, 23, 57
2015/1/27, 336, 80, 48, 19, 13, 26
2015/1/28, 198, 21, 40, 16, 10, 11
2015/1/29, 120, 42, 41, 21, 22, 13
2015/1/30, 148, 64, 49, 26, 20, 14
2015/1/31, 174, 89, 54, 27, 19, 17
2015/2/1, 205, 88, 47, 35, 14, 18
2015/2/2, 208, 73, 29, 31, 16, 18
2015/2/3, 189, 125, 39, 29, 14, 17
2015/2/4, 207, 188, 68, 49, 25, 23
2015/2/5, 260, 172, 42, 52, 36, 24
2015/2/6, 255, 134, 56, 57, 31, 19
2015/2/7, 210, 215, 34, 70, 32, 22
2015/2/8, 230, 137, 52, 40, 35, 26
2015/2/9, 256, 84, 51, 36, 22, 17
2015/2/10, 160, 96, 65, 48, 38, 15
2015/2/11, 177, 117, 57, 43, 40, 17
2015/2/12, 218, 168, 53, 58, 48, 25
2015/2/13, 253, 202, 83, 72, 52, 33
2015/2/14, 236, 123, 47, 51, 46, 21
2015/2/15, 203, 89, 39, 36, 41, 21
2015/2/16, 187, 135, 35, 43, 32, 26
2015/2/17, 208, 155, 92, 47, 24, 21
2015/2/18, 222, 129, 57, 32, 23, 24
2015/2/19, 200, 112, 41, 25, 20, 20
2015/2/20, 196, 56, 27, 14, 10, 16
2015/2/21, 134, 67, 53, 19, 13, 14
2015/2/22, 163, 99, 45, 27, 9, 19
2015/2/23, 206, 87, 40, 24, 13, 20
2015/2/24, 191, 83, 23, 26, 11, 16
2015/2/25, 177, 69, 18, 26, 13, 18
2015/2/26, 169, 57, 44, 27, 14, 16
2015/2/27, 155, 42, 29, 21, 11, 17
2015/2/28, 136, 28, 32, 14, 10, 12
2015/3/1, 95, 64, 34, 34, 14, 15
2015/3/2, 157, 77, 50, 39, 20, 16
2015/3/3, 174, 176, 50, 21, 16, 13
2015/3/4, 164, 75, 38, 31, 19, 25
2015/3/5, 147, 57, 31, 19, 14, 13
2015/3/6, 152, 92, 47, 27, 18, 21
2015/3/7, 189, 84, 58, 30, 25, 14
2015/3/8, 175, 71, 25, 34, 28, 17
2015/3/9, 160, 103, 62, 32, 26, 39
2015/3/10, 196, 123, 31, 29, 23, 20
2015/3/11, 228, 98, 30, 39, 26, 19
2015/3/12, 173, 102, 49, 43, 31, 14
2015/3/13, 173, 159, 42, 54, 36, 21
2015/3/14, 185, 140, 30, 46, 30, 20
2015/3/15, 178, 106, 11, 33, 29, 29
2015/3/16, 194, 84, 52, 31, 32, 20
2015/3/17, 175, 50, 16, 26, 31, 23
2015/3/18, 135, 25, 18, 20, 15, 19
2015/3/19, 97, 50, 37, 22, 19, 19
2015/3/20, 131, 51, 32, 26, 18, 28
2015/3/21, 134, 96, 64, 43, 26, 21
2015/3/22, 176, 130, 59, 50, 32, 25
2015/3/23, 180, 117, 65, 40, 29, 20
2015/3/24, 163, 123, 71, 40, 32, 23
2015/3/25, 168, 104, 66, 42, 35, 29
2015/3/26, 153, 77, 53, 37, 28, 22
2015/3/27, 156, 76, 50, 33, 19, 17
2015/3/28, 164, 102, 58, 45, 25, 20
2015/3/29, 176, 111, 55, 46, 29, 28
2015/3/30, 182, 58, 37, 28, 27, 24
2015/3/31, 153, 74, 70, 30, 33, 20
2015/4/1, 154, 97, 46, 40, 38, 32
2014/10/2, 184, 72, 70, 27, 13, 12
2014/10/3, 150, 111, 85, 46, 26, 15
2014/10/4, 158, 112, 102, 41, 27, 14
2014/10/5, 161, 158, 103, 31, 16, 13
2014/10/6, 207, 133, 93, 26, 24, 16
2014/10/7, 224, 113, 109, 46, 31, 19
2014/10/8, 173, 111, 124, 47, 37, 16
2014/10/9, 174, 152, 124, 62, 28, 19
2014/10/10, 184, 103, 101, 42, 21, 15
2014/10/11, 166, 92, 97, 35, 16, 13
2014/10/12, 165, 129, 89, 20, 15, 10
2014/10/13, 211, 88, 59, 19, 12, 8
2014/10/14, 157, 94, 85, 35, 19, 12
2014/10/15, 166, 152, 122, 69, 23, 16
2014/10/16, 194, 170, 59, 73, 36, 20
2014/10/17, 229, 168, 71, 56, 27, 18
2014/10/18, 244, 204, 52, 73, 30, 21
2014/10/19, 245, 207, 100, 63, 38, 18
2014/10/20, 229, 191, 106, 54, 28, 19
2014/10/21, 269, 53, 51, 20, 13, 13
2014/10/22, 144, 82, 62, 39, 19, 14
2014/10/23, 170, 118, 76, 50, 28, 19
2014/10/24, 178, 191, 89, 61, 35, 22
2014/10/25, 210, 177, 91, 61, 32, 19
2014/10/26, 195, 270, 92, 64, 39, 22
2014/10/27, 227, 154, 67, 28, 17, 16
2014/10/28, 250, 91, 44, 30, 23, 21
2014/10/29, 184, 45, 40, 23, 19, 15
2014/10/30, 156, 25, 31, 21, 14, 11
2014/10/31, 91, 76, 39, 25, 17, 15
2014/11/1, 179, 93, 58, 24, 23, 13
2014/11/2, 203, 65, 52, 18, 19, 7
2014/11/3, 115, 104, 57, 40, 29, 15
2014/11/4, 147, 100, 61, 50, 33, 14
2014/11/5, 167, 83, 37, 44, 34, 12
2014/11/6, 169, 94, 66, 46, 25, 18
2014/11/7, 164, 86, 45, 36, 22, 15
2014/11/8, 167, 56, 41, 25, 15, 9
2014/11/9, 160, 58, 36, 30, 16, 10
2014/11/10, 140, 71, 32, 31, 19, 11
2014/11/11, 165, 95, 101, 38, 28, 16
2014/11/12, 175, 78, 47, 31, 19, 9
2014/11/13, 140, 116, 55, 46, 25, 15
2014/11/14, 160, 118, 54, 53, 42, 16
2014/11/15, 181, 106, 34, 42, 30, 12
2014/11/16, 187, 120, 49, 45, 21, 14
2014/11/17, 213, 94, 61, 35, 24, 12
2014/11/18, 188, 110, 60, 53, 37, 23
2014/11/19, 180, 127, 61, 56, 37, 15
2014/11/20, 185, 135, 61, 57, 46, 18
2014/11/21, 191, 170, 52, 67, 45, 22
2014/11/22, 230, 162, 64, 58, 38, 20
2014/11/23, 233, 159, 40, 41, 20, 29
2014/11/24, 337, 28, 28, 23, 15, 17
2014/11/25, 115, 59, 31, 25, 16, 15
2014/11/26, 191, 68, 32, 29, 25, 18
2014/11/27, 173, 43, 34, 28, 18, 16
2014/11/28, 131, 59, 36, 30, 15, 21
2014/11/29, 155, 49, 28, 27, 15, 27
2014/11/30, 148, 53, 31, 29, 15, 18
2014/12/1, 137, 88, 45, 20, 16, 9
2014/12/2, 125, 104, 135, 29, 33, 15
2014/12/3, 157, 87, 29, 33, 28, 13
2014/12/4, 156, 101, 137, 35, 25, 16
2014/12/5, 197, 115, 64, 48, 36, 19
2014/12/6, 193, 91, 47, 42, 34, 16
2014/12/7, 166, 96, 50, 36, 20, 14
2014/12/8, 162, 108, 80, 40, 39, 17
2014/12/9, 223, 98, 35, 37, 30, 28
2014/12/10, 200, 76, 35, 26, 20, 12
2014/12/11, 175, 93, 30, 29, 22, 8
2014/12/12, 155, 118, 48, 39, 24, 13
2014/12/13, 176, 115, 45, 51, 29, 15
2014/12/14, 211, 107, 39, 49, 40, 16
2014/12/15, 179, 125, 37, 47, 38, 17
2014/12/16, 176, 96, 47, 25, 15, 8
2014/12/17, 104, 114, 41, 45, 22, 16
2014/12/18, 168, 154, 30, 47, 39, 19
2014/12/19, 181, 102, 48, 38, 28, 16
2014/12/20, 160, 120, 61, 43, 28, 24
2014/12/21, 195, 99, 48, 30, 25, 24
2014/12/22, 164, 111, 44, 45, 38, 28
2014/12/23, 176, 116, 31, 46, 43, 19
2014/12/24, 188, 152, 42, 62, 37, 30
2014/12/25, 230, 132, 35, 40, 28, 20
2014/12/26, 262, 101, 47, 38, 34, 26
2014/12/27, 191, 80, 35, 32, 18, 22
2014/12/28, 176, 89, 48, 31, 26, 22
2014/12/29, 189, , , , , 
2014/7/2, 166, 67, 66, 34, 14, 10
2014/7/3, 155, 83, 127, 33, 37, 15
2014/7/4, 180, 59, 49, 28, 16, 13
2014/7/5, 119, 39, 62, 19, 14, 10
2014/7/6, 93, 57, 105, 31, 15, 10
2014/7/7, 117, 81, 107, 35, 22, 14
2014/7/8, 159, 97, 121, 38, 23, 15
2014/7/9, 158, 108, 119, 48, 14, 14
2014/7/10, 168, 107, 142, 49, 16, 16
2014/7/11, 174, 117, 106, 35, 20, 21
2014/7/12, 176, 61, 59, 36, 16, 9
2014/7/13, 160, 47, 60, 30, 13, 7
2014/7/14, 100, 62, 75, 30, 14, 8
2014/7/15, 131, 56, 51, 28, 28, 9
2014/7/16, 109, 47, 48, 22, 20, 8
2014/7/17, 76, 51, 48, 26, 15, 13
2014/7/18, 110, 81, 87, 30, 15, 15
2014/7/19, 140, 89, 102, 34, 12, 14
2014/7/20, 129, 79, 93, 34, 16, 13
2014/7/21, 133, 97, 91, 37, 16, 16
2014/7/22, 131, 132, 146, 51, 14, 13
2014/7/23, 300, 143, 96, 41, 11, 13
2014/7/24, 305, 121, 113, 19, 14, 10
2014/7/25, 215, 96, 112, 28, 13, 10
2014/7/26, 161, 90, 101, 33, 10, 10
2014/7/27, 147, 118, 164, 48, 16, 16
2014/7/28, 166, 128, 112, 50, 15, 12
2014/7/29, 172, 81, 79, 35, 17, 9
2014/7/30, 141, 76, 92, 34, 13, 8
2014/7/31, 143, 81, 100, 36, 22, 13
2014/8/1, 138, 64, 80, 20, 11, 9
2014/8/2, 139, 54, 64, 19, 13, 11
2014/8/3, 157, 85, 91, 34, 15, 11
2014/8/4, 123, 98, 130, 40, 22, 13
2014/8/5, 160, 91, 112, 32, 27, 14
2014/8/6, 155, 82, 128, 31, 20, 20
2014/8/7, 137, 61, 70, 14, 10, 13
2014/8/8, 136, 44, 70, 16, 17, 12
2014/8/9, 99, 80, 67, 20, 11, 11
2014/8/10, 151, 90, 91, 20, 13, 12
2014/8/11, 164, 56, 47, 20, 11, 11
2014/8/12, 132, 56, 52, 21, 12, 11
2014/8/13, 154, 37, 79, 18, 13, 8
2014/8/14, 104, 50, 76, 28, 17, 12
2014/8/15, 110, 100, 131, 45, 25, 18
2014/8/16, 170, 93, 80, 44, 21, 15
2014/8/17, 169, 56, 52, 24, 21, 18
2014/8/18, 143, 59, 39, 25, 22, 9
2014/8/19, 144, 69, 84, 25, 15, 11
2014/8/20, 151, 96, 107, 33, 16, 13
2014/8/21, 164, 107, 112, 37, 22, 13
2014/8/22, 248, 107, 113, 40, 21, 11
2014/8/23, 228, 137, 97, 38, 22, 12
2014/8/24, 171, 68, 73, 23, 13, 12
2014/8/25, 137, 81, 108, 43, 18, 12
2014/8/26, 161, 91, 52, 47, 12, 15
2014/8/27, 177, 62, 59, 26, 13, 12
2014/8/28, 167, 62, 79, 25, 14, 14
2014/8/29, 181, 60, 70, 27, 13, 18
2014/8/30, 165, 89, 104, 28, 20, 20
2014/8/31, 146, 59, 65, 23, 16, 19
2014/9/1, 121, 38, 48, 18, 13, 14
2014/9/2, 148, 47, 39, 24, 13, 10
2014/9/3, 104, 50, 87, 23, 14, 9
2014/9/4, 118, 86, 112, 46, 25, 16
2014/9/5, 151, 117, 112, 54, 18, 14
2014/9/6, 171, 123, 121, 52, 22, 16
2014/9/7, 175, 133, 101, 52, 18, 15
2014/9/8, 176, 127, 97, 40, 17, 16
2014/9/9, 262, 73, 70, 26, 17, 19
2014/9/10, 147, 77, 46, 24, 21, 16
2014/9/11, 155, 82, 78, 28, 26, 12
2014/9/12, 163, 59, 41, 26, 15, 12
2014/9/13, 175, 35, 45, 15, 9, 8
2014/9/14, 113, 71, 71, 31, 15, 13
2014/9/15, 136, 56, 42, 21, 10, 13
2014/9/16, 121, 55, 82, 24, 16, 14
2014/9/17, 109, 66, 68, 18, 11, 11
2014/9/18, 126, 20, 33, 17, 9, 10
2014/9/19, 60, 30, 50, 19, 16, 12
2014/9/20, 167, 59, 90, 33, 12, 12
2014/9/21, 222, 90, 96, 42, 20, 17
2014/9/22, 155, 67, 76, 32, 28, 17
2014/9/23, 141, 64, 72, 24, 23, 8
2014/9/24, 118, 72, 105, 24, 12, 10
2014/9/25, 123, 109, 70, 42, 20, 18
2014/9/26, 173, 108, 90, 43, 21, 14
2014/9/27, 260, 150, 97, 42, 28, 15
2014/9/28, 179, 108, 103, 25, 24, 12
2014/9/29, 176, 45, 61, 15, 16, 11
2014/9/30, 116, 51, 60, 16, 11, 11
2014/10/1, 119, 75, 56, 29, 22, 17
2014/4/2, 149, 120, 87, 55, 32, 14
2014/4/3, 180, 129, 108, 48, 15, 11
2014/4/4, 175, 136, 110, 37, 25, 13
2014/4/5, 200, 162, 88, 64, 16, 15
2014/4/6, 226, 93, 54, 34, 28, 12
2014/4/7, 166, 76, 52, 34, 21, 10
2014/4/8, 174, 113, 65, 55, 29, 15
2014/4/9, 194, 115, 92, 54, 23, 16
2014/4/10, 191, 99, 82, 45, 32, 11
2014/4/11, 163, 77, 61, 33, 23, 12
2014/4/12, 152, 31, 47, 18, 6, 9
2014/4/13, 130, 57, 47, 21, 7, 9
2014/4/14, 154, 75, 89, 31, 16, 10
2014/4/15, 154, 66, 47, 33, 21, 12
2014/4/16, 157, 33, 41, 22, 7, 9
2014/4/17, 110, 47, 53, 31, 9, 11
2014/4/18, 137, 65, 42, 29, 21, 12
2014/4/19, 151, 24, 61, 16, 7, 7
2014/4/20, 88, 65, 55, 28, 12, 10
2014/4/21, 156, 32, 41, 26, 7, 9
2014/4/22, 103, 59, 60, 24, 11, 9
2014/4/23, 154, 67, 45, 35, 29, 11
2014/4/24, 159, 71, 32, 34, 25, 12
2014/4/25, 164, 71, 23, 33, 19, 12
2014/4/26, 173, 48, 56, 19, 10, 7
2014/4/27, 123, 84, 83, 22, 11, 6
2014/4/28, 149, 97, 85, 46, 13, 8
2014/4/29, 146, 102, 72, 53, 25, 12
2014/4/30, 162, 95, 69, 42, 21, 7
2014/5/1, 151, 185, 90, 53, 18, 13
2014/5/2, 175, 169, 53, 36, 14, 9
2014/5/3, 171, , , , , 
2014/5/5, 158, 102, 72, 34, 25, 12
2014/5/6, 151, 102, 94, 45, 24, 9
2014/5/7, 152, 116, 76, 52, 19, 8
2014/5/8, 162, 141, 93, 42, 29, 13
2014/5/9, 181, 70, 55, 25, 26, 8
2014/5/10, 150, 40, 44, 24, 22, 9
2014/5/11, 125, 34, 75, 17, 13, 8
2014/5/12, 100, 98, 100, 50, 23, 12
2014/5/13, 162, 101, 52, 46, 32, 12
2014/5/14, 172, 57, 61, 24, 13, 9
2014/5/15, 158, 81, 77, 31, 19, 7
2014/5/16, 165, 168, 70, 74, 35, 17
2014/5/17, 185, 84, 54, 28, 18, 8
2014/5/18, 172, 103, 53, 45, 21, 15
2014/5/19, 189, 134, 47, 62, 24, 15
2014/5/20, 212, 136, 91, 43, 20, 12
2014/5/21, 248, 169, 40, 55, 31, 18
2014/5/22, 293, 81, 66, 33, 24, 13
2014/5/23, 174, 70, 70, 28, 29, 9
2014/5/24, 143, 65, 35, 28, 21, 11
2014/5/25, 140, 91, 42, 27, 17, 13
2014/5/26, 169, 290, 60, 29, 14, 7
2014/5/27, 210, 171, 71, 28, 10, 8
2014/5/28, 208, 142, 64, 47, 17, 9
2014/5/29, 172, 163, 93, 42, 18, 11
2014/5/30, 179, 144, 71, 37, 25, 11
2014/5/31, 173, 81, 42, 24, 26, 11
2014/6/1, 157, 45, 65, 21, 10, 9
2014/6/2, 122, 71, 95, 19, 9, 8
2014/6/3, 141, 69, 84, 18, 11, 7
2014/6/4, 143, 85, 116, 33, 19, 11
2014/6/5, 160, 112, 122, 50, 20, 12
2014/6/6, 171, 132, 145, 62, 23, 13
2014/6/7, 183, 119, 133, 39, 11, 11
2014/6/8, 185, 145, 101, 60, 22, 19
2014/6/9, 206, 166, 132, 58, 17, 17
2014/6/10, 222, 152, 128, 49, 17, 13
2014/6/11, 207, 160, 135, 48, 15, 12
2014/6/12, 194, 259, 123, 45, 16, 17
2014/6/13, 316, 166, 117, 46, 26, 18
2014/6/14, 242, 121, 113, 35, 19, 12
2014/6/15, 197, 89, 76, 21, 12, 10
2014/6/16, 176, 68, 50, 22, 7, 9
2014/6/17, 165, 75, 75, 35, 11, 8
2014/6/18, 173, 95, 128, 34, 22, 11
2014/6/19, 173, 88, 99, 27, 23, 11
2014/6/20, 170, 107, 75, 22, 16, 12
2014/6/21, 182, 90, 72, 24, 10, 13
2014/6/22, 183, 86, 124, 30, 15, 11
2014/6/23, 170, 93, 93, 35, 14, 9
2014/6/24, 165, 68, 75, 26, 12, 6
2014/6/25, 150, 62, 44, 26, 21, 19
2014/6/26, 128, 32, 52, 22, 24, 7
2014/6/27, 108, 51, 39, 25, 9, 8
2014/6/28, 122, 71, 57, 32, 13, 12
2014/6/29, 156, 90, 60, 45, 14, 11
2014/6/30, 216, 90, 89, 39, 18, 14
2014/7/1, 183, 78, 56, 31, 18, 13
2014/1/2, 233, 216, 13, 70, 49, 28
2014/1/3, 252, 173, 29, 52, 51, 22
2014/1/4, 268, 129, 28, 50, 45, 21
2014/1/5, 189, 164, 40, 59, 49, 26
2014/1/6, 252, 174, 34, 49, 44, 27
2014/1/7, 274, 144, 34, 33, 12, 30
2014/1/8, 335, 119, 35, 33, 51, 29
2014/1/9, 278, 163, 24, 45, 46, 32
2014/1/10, 321, 100, 31, 38, 39, 19
2014/1/11, 245, 67, 38, 30, 22, 13
2014/1/12, 178, 113, 48, 35, 30, 17
2014/1/13, 233, 189, 16, 54, 45, 25
2014/1/14, 344, 167, 35, 49, 40, 25
2014/1/15, 305, 125, 41, 40, 35, 18
2014/1/16, 242, 114, 29, 57, 46, 18
2014/1/17, 199, 176, 36, 57, 40, 21
2014/1/18, 330, 170, 46, 50, 50, 23
2014/1/19, 317, 163, 37, 59, 48, 21
2014/1/20, 290, 140, 46, 45, 31, 17
2014/1/21, 241, 111, 45, 41, 35, 15
2014/1/22, 171, 109, 24, 46, 39, 16
2014/1/23, 182, 106, 38, 47, 51, 16
2014/1/24, 184, 131, 51, 56, 50, 22
2014/1/25, 205, 197, 47, 50, 52, 27
2014/1/26, 330, 178, 49, 57, 49, 30
2014/1/27, 387, 138, 39, 43, 38, 23
2014/1/28, 303, 163, 43, 46, 25, 23
2014/1/29, 374, 152, 35, 30, 17, 19
2014/1/30, 396, 97, 52, 42, 28, 27
2014/1/31, 246, 146, 59, 41, 44, 23
2014/2/1, 284, 129, 47, 33, 17, 17
2014/2/2, 271, 153, 32, 38, 18, 27
2014/2/3, 301, 107, 15, 24, 14, 25
2014/2/4, 242, 38, 38, 15, 10, 9
2014/2/5, 146, 27, 37, 14, 8, 7
2014/2/6, 135, 19, 28, 14, 7, 7
2014/2/7, 122, 31, 34, 16, 9, 8
2014/2/8, 132, 48, 44, 13, 9, 9
2014/2/9, 159, 71, 46, 13, 18, 11
2014/2/10, 187, 59, 48, 16, 23, 10
2014/2/11, 171, 68, 47, 25, 25, 13
2014/2/12, 176, 63, 46, 26, 18, 11
2014/2/13, 166, 63, 44, 20, 16, 9
2014/2/14, 180, 65, 46, 33, 19, 12
2014/2/15, 175, 79, 43, 31, 34, 13
2014/2/16, 184, 74, 24, 35, 22, 12
2014/2/17, 183, 60, 27, 20, 15, 12
2014/2/18, 179, 20, 45, 17, 13, 7
2014/2/19, 133, 54, 44, 33, 14, 10
2014/2/20, 147, 88, 56, 37, 39, 15
2014/2/21, 177, 91, 44, 40, 34, 15
2014/2/22, 170, 116, 38, 50, 35, 17
2014/2/23, 176, 142, 33, 46, 22, 17
2014/2/24, 233, 91, 24, 36, 18, 17
2014/2/25, 211, 46, 27, 23, 16, 12
2014/2/26, 276, 63, 23, 30, 22, 13
2014/2/27, 167, 73, 37, 30, 14, 13
2014/2/28, 168, 23, 26, 20, 7, 12
2014/3/1, 120, 39, 31, 19, 9, 9
2014/3/2, 138, 74, 33, 26, 12, 11
2014/3/3, 185, 88, 39, 34, 21, 14
2014/3/4, 192, 84, 54, 39, 25, 13
2014/3/5, 185, 86, 76, 37, 20, 13
2014/3/6, 175, 75, 63, 30, 15, 10
2014/3/7, 175, 54, 43, 28, 26, 10
2014/3/8, 152, 71, 53, 32, 22, 11
2014/3/9, 166, 97, 52, 47, 23, 14
2014/3/10, 187, 91, 69, 37, 36, 12
2014/3/11, 174, 87, 33, 38, 38, 12
2014/3/12, 167, 120, 34, 24, 27, 11
2014/3/13, 185, 81, 50, 25, 22, 8
2014/3/14, 156, 103, 59, 46, 19, 12
2014/3/15, 171, 105, 66, 45, 21, 12
2014/3/16, 169, 138, 54, 52, 26, 16
2014/3/17, 192, 153, 74, 46, 34, 14
2014/3/18, 182, 141, 45, 52, 44, 16
2014/3/19, 185, 132, 52, 22, 19, 11
2014/3/20, 191, 80, 58, 24, 15, 8
2014/3/21, 167, 87, 59, 38, 24, 12
2014/3/22, 161, 118, 53, 57, 35, 16
2014/3/23, 186, 121, 9, 58, 38, 18
2014/3/24, 196, 98, 30, 41, 26, 14
2014/3/25, 190, 78, 66, 34, 18, 16
2014/3/26, 179, 104, 63, 49, 36, 19
2014/3/27, 186, 97, 91, 42, 43, 14
2014/3/28, 173, 74, 70, 42, 30, 11
2014/3/29, 148, 115, 105, 33, 21, 11
2014/3/30, 168, 136, 87, 42, 34, 13
2014/3/31, 178, 82, 46, 36, 20, 8
2014/4/1, 157, 78, 60, 44, 28, 14
2020/1/1, , 65, 7, 29, 7, 12
2019/6/24, , 53, 107, 20, 5, 10
2019/1/1, , 42, 23, 28, 3, 9
2019/2/25, , 91, , 52, 10, 18
2018/8/16, , 34, 40, 8, 2, 7
2018/8/24, , 52, 88, 19, 10, 16
2018/6/19, , 46, 31, 17, 2, 9
2018/1/16, , 87, 17, 36, 6, 13
2017/11/2, , 118, 60, 63, 12, 17
2017/7/18, , 53, 42, 23, 3, 7
2017/7/25, , 85, 110, 42, 5, 12
2017/7/31, , 42, 24, 9, 2, 8
2017/8/10, , 51, 75, 20, 3, 7
2017/8/21, , 69, 39, 16, 7, 16
2017/8/28, , 54, 55, 14, 6, 10
2017/8/31, , 48, 25, 17, 5, 8
2017/9/15, , 63, 78, 26, 7, 7
2017/9/18, , 102, 100, 50, 15, 14
2017/9/25, , 72, 30, 29, 3, 13
2017/6/24, , 73, 37, 39, 5, 24
2017/1/2, , 119, 30, 47, 9, 14
2016/1/4, , 182, 17, 32, 12, 24
2015/1/1, , 109, 29, 43, 31, 20
2014/5/4, , 87, 38, 26, 10, 6
2014/1/1, , 151, 21, 69, 40, 22